square_footage,bedrooms,bathrooms,house_age_years,lot_size_sqft,garage_spaces,distance_to_city_km,neighborhood_quality,has_renovation,price
1998.0,1,1.0,27,5548.0,3,30.37,5,0,266208.0
1124.0,2,2.0,71,10050.0,2,1.99,3,0,128315.0
2288.0,3,3.0,58,1897.0,1,10.91,6,1,272229.0
2411.0,1,1.0,43,6736.0,3,12.55,10,1,388732.0
532.0,2,1.0,43,11486.0,1,21.28,7,0,86350.0
954.0,1,1.0,70,6210.0,1,3.68,3,1,80677.0
1883.0,5,3.0,35,2167.0,3,0.99,10,0,119617.0
1594.0,1,1.0,18,5510.0,3,0.67,8,0,307859.0
1789.0,1,1.0,10,10136.0,2,7.42,5,0,256507.0
1246.0,1,1.0,26,7440.0,1,9.56,2,0,197835.0
2372.0,1,1.0,52,4403.0,3,4.08,5,1,307166.0
2306.0,3,2.0,37,4787.0,0,8.09,9,1,361970.0
1843.0,2,2.0,33,5101.0,2,6.33,6,0,253291.0
2533.0,5,5.0,38,7403.0,2,4.6,2,0,352283.0
2104.0,2,2.0,77,9845.0,3,9.01,2,1,247959.0
1241.0,3,3.0,79,9131.0,1,0.99,10,0,196131.0
2040.0,4,2.0,12,7640.0,3,1.56,5,0,386978.0
1177.0,4,3.0,9,3171.0,0,9.72,7,0,214247.0
2371.0,4,3.0,19,3180.0,3,33.29,4,0,289481.0
1768.0,2,1.0,68,7833.0,0,8.36,1,0,187111.0
1680.0,3,2.0,36,3136.0,2,4.59,5,1,294198.0
1357.0,5,3.0,69,5936.0,0,11.79,7,0,214043.0
2595.0,5,4.0,51,7260.0,3,34.65,4,0,289174.0
1700.0,4,3.0,44,3656.0,3,3.18,7,1,298851.0
1522.0,4,4.0,22,3939.0,0,3.19,5,0,217509.0
1571.0,5,3.0,27,6265.0,3,0.5,4,1,297328.0
2146.0,4,4.0,11,7759.0,1,3.81,3,0,298586.0
2038.0,5,4.0,41,9154.0,2,0.81,3,0,289982.0
2068.0,1,1.0,22,8018.0,0,19.04,3,0,245359.0
2080.0,2,2.0,23,6684.0,0,24.58,8,1,315388.0
3192.0,1,1.0,3,4635.0,0,1.21,4,1,441180.0
1536.0,1,1.0,63,3823.0,2,33.64,8,1,210296.0
1467.0,3,2.0,75,5223.0,2,5.92,4,0,189593.0
1271.0,2,1.0,39,7525.0,3,0.5,4,0,208741.0
2200.0,3,2.0,42,7342.0,0,21.9,10,1,311418.0
2534.0,3,3.0,74,1250.0,2,3.86,9,0,384467.0
1726.0,4,3.0,40,4536.0,0,14.55,5,1,233637.0
1254.0,5,5.0,49,9511.0,1,3.69,3,0,232111.0
1264.0,5,3.0,34,6698.0,0,2.17,8,0,281125.0
2223.0,2,2.0,41,2957.0,0,6.76,1,1,272015.0
2283.0,2,2.0,41,12390.0,2,1.35,5,0,352622.0
2153.0,4,4.0,56,6428.0,3,11.82,6,0,253187.0
1367.0,1,1.0,48,7461.0,2,14.07,7,0,191894.0
1951.0,3,2.0,40,7499.0,3,2.0,2,1,299192.0
1876.0,3,2.0,6,5581.0,2,11.09,1,0,269055.0
1942.0,1,1.0,72,4681.0,0,9.78,3,0,170750.0
2366.0,4,4.0,71,,1,25.58,2,1,255111.0
1945.0,2,2.0,14,9008.0,3,0.87,6,0,282939.0
2241.0,1,1.0,23,8555.0,0,1.57,10,1,388501.0
1844.0,4,4.0,77,7941.0,0,3.74,3,1,206078.0
1988.0,1,1.0,25,3992.0,3,1.77,5,0,311277.0
2210.0,4,3.0,64,9694.0,0,4.19,3,1,313631.0
853.0,1,1.0,62,4392.0,3,0.7,1,0,76859.0
1592.0,3,2.0,68,7208.0,3,12.14,8,0,244747.0
1494.0,5,4.0,1,2402.0,2,9.65,3,0,244330.0
1385.0,2,2.0,38,,2,5.13,6,0,225862.0
1621.0,4,2.0,45,7296.0,0,22.78,7,0,199813.0
2772.0,4,3.0,66,4477.0,1,41.69,9,0,338433.0
1237.0,5,3.0,17,1527.0,3,4.31,2,0,170256.0
2429.0,1,1.0,24,7852.0,3,22.23,6,0,292094.0
706.0,4,2.0,14,11800.0,1,4.66,10,0,216428.0
1582.0,5,5.0,60,9974.0,3,13.52,5,1,253623.0
1906.0,4,4.0,79,5857.0,3,14.29,1,0,207912.0
2181.0,1,1.0,11,6522.0,0,3.51,3,0,282307.0
2262.0,5,3.0,18,8719.0,2,8.72,8,0,414506.0
2316.0,1,1.0,24,9305.0,2,3.91,8,0,364943.0
1573.0,3,3.0,71,5641.0,2,11.7,4,0,193686.0
1499.0,3,2.0,35,6585.0,3,4.23,2,0,213462.0
2358.0,3,2.0,22,7252.0,3,1.29,3,0,358057.0
1676.0,3,2.0,25,7885.0,2,14.38,3,1,254615.0
971.0,1,1.0,47,6167.0,1,11.75,8,0,163557.0
1063.0,3,2.0,30,6200.0,3,13.81,9,0,226981.0
1202.0,5,5.0,11,9950.0,3,10.47,1,1,192530.0
2123.0,3,2.0,65,9524.0,2,13.9,8,0,265205.0
1893.0,2,2.0,33,7694.0,2,1.94,8,0,312664.0
2249.0,5,3.0,20,10798.0,0,12.2,7,0,351422.0
1522.0,1,1.0,58,5534.0,1,2.1,9,0,246504.0
1903.0,3,3.0,59,10557.0,0,8.01,1,0,217321.0
2207.0,3,3.0,12,7856.0,2,8.34,7,0,370837.0
1599.0,3,2.0,5,14678.0,3,3.43,2,0,246159.0
2097.0,5,4.0,3,3519.0,0,8.55,9,1,384984.0
1370.0,3,2.0,61,4777.0,3,12.13,5,0,157132.0
1564.0,5,4.0,50,7547.0,0,6.21,1,0,203888.0
1552.0,1,1.0,63,7493.0,0,1.11,8,0,191892.0
1023.0,4,4.0,50,11375.0,3,2.54,8,1,248967.0
2117.0,3,2.0,32,4829.0,0,12.62,5,0,254127.0
1495.0,2,2.0,47,8762.0,2,5.22,4,0,204041.0
1808.0,2,1.0,57,9406.0,3,4.03,1,0,227708.0
2112.0,4,2.0,31,8262.0,1,19.81,10,1,352800.0
2090.0,4,4.0,73,4098.0,0,4.5,2,0,208976.0
2233.0,4,3.0,71,10019.0,1,29.08,9,0,281081.0
1736.0,1,1.0,64,9573.0,0,9.8,6,0,188580.0
1525.0,3,2.0,79,7999.0,2,17.23,7,0,163955.0
1748.0,5,5.0,31,7011.0,3,4.78,7,0,320767.0
703.0,1,1.0,9,7065.0,3,14.69,9,0,187014.0
859.0,3,3.0,38,6303.0,3,2.73,1,0,137852.0
940.0,3,2.0,59,8102.0,3,3.16,10,1,230471.0
1152.0,5,3.0,62,6578.0,3,10.96,1,1,150579.0
2060.0,2,1.0,31,4379.0,3,1.15,10,0,343909.0
1211.0,3,2.0,23,3879.0,2,3.82,3,0,167651.0
1554.0,4,3.0,35,4620.0,3,9.61,9,0,273521.0
2644.0,1,1.0,64,7055.0,1,23.77,1,0,224797.0
1568.0,5,4.0,4,6433.0,1,2.35,5,0,274945.0
2279.0,5,3.0,26,,3,15.33,6,0,345622.0
1193.0,4,3.0,18,,1,6.09,10,1,277564.0
1666.0,4,2.0,64,4932.0,1,36.9,2,0,188749.0
1182.0,4,3.0,37,10164.0,0,18.37,1,1,128333.0
1580.0,4,4.0,6,5831.0,1,7.19,7,0,292749.0
2346.0,5,4.0,20,5416.0,2,13.01,1,0,285777.0
677.0,3,2.0,3,7706.0,3,0.5,8,0,204167.0
2082.0,3,2.0,38,1909.0,0,16.5,1,0,212277.0
1955.0,4,4.0,79,4524.0,2,3.01,10,0,324470.0
1414.0,1,1.0,45,8953.0,3,12.27,6,0,197405.0
860.0,5,4.0,69,2156.0,3,7.25,10,0,182969.0
1847.0,4,4.0,59,9294.0,3,3.57,2,0,243636.0
1456.0,4,3.0,70,10278.0,0,21.87,3,0,126788.0
1951.0,2,2.0,24,5576.0,1,0.5,5,0,281319.0
1814.0,2,2.0,76,7230.0,3,4.58,1,0,187938.0
2841.0,3,2.0,19,9298.0,3,3.38,2,1,406968.0
1644.0,4,3.0,35,5333.0,2,2.36,4,0,262506.0
1135.0,4,4.0,54,8669.0,3,7.66,8,0,217991.0
1917.0,4,4.0,22,4822.0,2,7.66,8,0,327057.0
1943.0,5,4.0,21,5306.0,0,6.71,1,0,232615.0
2683.0,5,3.0,10,4502.0,3,9.17,1,0,374519.0
2343.0,4,3.0,0,7357.0,0,2.71,7,0,378191.0
2032.0,2,1.0,40,9395.0,1,25.99,4,0,247062.0
2751.0,3,3.0,78,6040.0,0,0.53,8,0,395257.0
1027.0,3,2.0,17,3322.0,2,21.66,3,0,134283.0
1384.0,4,4.0,35,3793.0,0,0.59,4,1,213963.0
1198.0,5,5.0,74,7486.0,2,3.5,3,1,186444.0
1547.0,2,2.0,61,11110.0,3,5.51,3,0,209844.0
905.0,3,3.0,0,,3,1.83,8,0,236389.0
2213.0,1,1.0,40,5533.0,1,4.85,5,0,280352.0
1656.0,4,4.0,11,8415.0,3,4.34,7,0,330311.0
844.0,3,3.0,19,5901.0,1,10.13,1,0,130562.0
1140.0,3,2.0,19,5554.0,2,3.93,6,0,208810.0
2004.0,3,3.0,48,,2,5.16,5,0,255736.0
2345.0,2,1.0,15,10021.0,0,3.2,10,0,398432.0
3098.0,3,3.0,20,1000.0,0,36.16,5,0,349645.0
3694.0,4,4.0,18,8495.0,0,2.07,2,1,512561.0
2069.0,2,2.0,28,5341.0,3,5.14,7,1,342078.0
1157.0,1,1.0,52,5474.0,3,7.94,2,0,95799.0
450.0,2,1.0,31,10731.0,1,3.79,10,0,158517.0
1974.0,1,1.0,26,4715.0,3,0.5,4,0,291596.0
1272.0,2,1.0,41,4800.0,0,6.98,8,0,212978.0
1530.0,4,2.0,49,6174.0,3,5.07,7,0,253136.0
1402.0,1,1.0,1,7535.0,0,0.5,5,1,218136.0
1708.0,4,4.0,71,5395.0,0,6.85,6,0,256132.0
2493.0,2,1.0,73,2565.0,3,2.5,2,0,282800.0
1902.0,5,3.0,48,4336.0,1,10.6,1,1,216517.0
1697.0,4,4.0,45,9703.0,1,0.5,8,0,287580.0
1127.0,2,2.0,55,6687.0,3,4.57,10,0,224892.0
711.0,3,3.0,35,7628.0,1,2.62,9,1,213542.0
1484.0,1,1.0,29,5846.0,3,0.5,4,1,230243.0
1765.0,1,1.0,28,4851.0,0,17.34,4,0,225018.0
2949.0,5,3.0,12,10694.0,0,5.15,4,1,411015.0
1885.0,5,5.0,67,6030.0,1,3.68,8,0,281119.0
2439.0,1,1.0,25,,2,12.56,7,0,307208.0
1475.0,2,1.0,22,9240.0,0,4.87,8,0,240589.0
1030.0,1,1.0,77,4694.0,0,8.6,10,1,193194.0
1173.0,2,2.0,40,5013.0,2,5.09,4,1,223973.0
1329.0,2,2.0,49,6526.0,1,4.47,7,0,214506.0
3184.0,2,2.0,19,6501.0,1,8.84,6,0,428449.0
1266.0,3,2.0,22,7149.0,0,0.5,10,1,276423.0
2345.0,1,1.0,58,11729.0,0,4.97,4,0,295317.0
1213.0,5,3.0,36,7341.0,0,25.43,2,0,109350.0
2406.0,4,3.0,11,1000.0,2,1.14,4,1,362844.0
2050.0,4,3.0,66,7316.0,0,14.07,7,0,298796.0
1698.0,1,1.0,32,6595.0,0,2.18,10,0,269396.0
1774.0,4,4.0,53,6609.0,3,16.97,9,0,273778.0
1374.0,5,5.0,27,7115.0,1,1.37,1,0,215747.0
2090.0,1,1.0,44,6428.0,2,3.9,6,1,310884.0
1504.0,4,3.0,62,6368.0,1,7.14,2,0,167783.0
1003.0,2,1.0,70,8033.0,3,31.73,4,0,82330.0
969.0,4,3.0,16,5145.0,3,2.37,10,0,265359.0
1912.0,3,2.0,53,4131.0,1,11.52,10,0,326525.0
2826.0,5,3.0,73,14059.0,2,3.74,2,0,353982.0
1904.0,1,1.0,51,4710.0,1,13.06,2,0,196957.0
1723.0,2,2.0,11,6750.0,3,8.46,7,0,324095.0
1986.0,2,2.0,15,2761.0,1,0.69,5,0,289539.0
2649.0,2,1.0,16,6791.0,3,6.28,5,0,355584.0
1943.0,2,1.0,8,4167.0,2,1.25,9,0,345733.0
1533.0,2,1.0,60,5394.0,2,2.74,10,0,272546.0
2519.0,1,1.0,77,9113.0,1,6.85,10,0,350903.0
2079.0,4,3.0,41,,3,1.72,8,0,344236.0
2798.0,3,3.0,47,7921.0,2,21.73,10,0,376292.0
1919.0,5,3.0,61,2072.0,3,4.78,8,0,296498.0
1004.0,4,2.0,33,11092.0,3,6.09,9,1,269458.0
911.0,1,1.0,37,3520.0,0,6.39,6,0,115084.0
2873.0,1,1.0,47,10321.0,3,4.01,1,1,355125.0
2920.0,3,3.0,24,9054.0,3,3.56,9,1,477143.0
1683.0,3,2.0,4,7943.0,0,8.05,10,0,307260.0
1551.0,2,2.0,45,4363.0,3,15.96,4,0,200551.0
2750.0,4,2.0,65,6879.0,2,11.12,5,0,353544.0
1080.0,3,2.0,5,5323.0,1,1.65,6,0,227535.0
1218.0,4,4.0,17,6573.0,0,17.88,7,0,70512.0
2218.0,1,1.0,21,5875.0,1,9.95,7,0,290696.0
1544.0,5,4.0,64,1403.0,0,17.38,4,1,197327.0
1797.0,2,2.0,40,9304.0,2,3.42,9,0,297482.0
1694.0,3,2.0,42,6297.0,2,17.81,9,1,312616.0
2019.0,3,2.0,51,5288.0,2,1.85,10,1,379746.0
2715.0,5,3.0,22,5099.0,2,12.98,6,0,431138.0
1859.0,2,2.0,57,7396.0,1,4.93,1,1,205536.0
2219.0,2,1.0,2,4266.0,2,0.5,9,1,406297.0
467.0,2,2.0,9,1000.0,3,21.48,1,0,71713.0
1768.0,2,1.0,65,7518.0,0,18.29,2,0,177531.0
1252.0,1,1.0,52,7798.0,1,1.88,3,0,149841.0
1008.0,1,1.0,14,6001.0,3,2.96,2,0,181423.0
1229.0,2,1.0,35,3630.0,3,11.54,8,0,207159.0
1583.0,3,2.0,4,6722.0,3,11.43,5,0,268217.0
2395.0,2,1.0,53,2839.0,0,10.5,3,0,235588.0
938.0,2,2.0,60,3932.0,1,0.6,1,1,123045.0
1820.0,4,3.0,22,,0,1.8,3,0,264068.0
1485.0,2,2.0,28,8610.0,3,1.05,7,0,278018.0
1587.0,5,4.0,18,5593.0,2,5.71,8,0,310063.0
2452.0,4,4.0,31,5380.0,0,0.5,3,1,359117.0
2150.0,1,1.0,21,11387.0,0,1.05,1,0,275030.0
2669.0,2,2.0,19,7381.0,2,7.14,6,0,403529.0
1700.0,1,1.0,34,7347.0,3,1.26,8,0,282139.0
1348.0,2,1.0,68,5576.0,3,10.31,1,0,101285.0
1654.0,2,2.0,61,5009.0,3,0.9,8,1,286017.0
1958.0,1,1.0,23,1034.0,3,19.24,2,0,207622.0
1915.0,1,1.0,75,8922.0,3,2.08,3,0,201151.0
1095.0,3,3.0,16,7621.0,3,2.37,7,0,222458.0
1859.0,4,4.0,72,6052.0,3,0.5,1,1,249450.0
1948.0,2,2.0,24,6157.0,1,10.99,4,1,278511.0
3436.0,5,3.0,43,8340.0,3,4.99,2,0,409285.0
3020.0,2,2.0,16,2613.0,3,35.45,3,1,356527.0
1245.0,5,4.0,60,5025.0,0,1.06,8,0,243449.0
1613.0,2,2.0,25,3659.0,2,15.37,3,1,213910.0
849.0,3,2.0,69,10929.0,1,1.64,1,1,106427.0
1416.0,4,3.0,6,8689.0,0,7.83,3,0,248818.0
2005.0,1,1.0,40,1000.0,0,3.02,1,0,229689.0
2584.0,5,3.0,12,2716.0,0,5.44,7,0,415689.0
1326.0,2,1.0,71,6169.0,3,1.14,10,0,62343.0
1375.0,3,2.0,33,5319.0,3,8.52,2,0,217908.0
450.0,4,4.0,53,3189.0,0,4.23,8,0,132885.0
1694.0,4,3.0,70,11362.0,2,0.5,4,0,285390.0
1109.0,1,1.0,42,7281.0,2,2.66,1,0,117933.0
1456.0,5,5.0,4,7687.0,2,0.5,7,0,281993.0
1230.0,4,4.0,17,4770.0,2,1.38,3,0,217653.0
1739.0,5,3.0,17,8306.0,3,13.86,6,0,290260.0
657.0,3,2.0,73,5549.0,2,3.24,6,0,119825.0
846.0,4,2.0,72,5792.0,2,10.6,6,1,157104.0
3184.0,3,2.0,38,8028.0,2,11.61,2,1,403801.0
963.0,5,5.0,71,2428.0,1,0.5,3,0,132170.0
1087.0,5,5.0,19,10493.0,3,22.09,8,0,247406.0
2994.0,5,3.0,54,6956.0,1,3.91,10,0,447455.0
3688.0,3,3.0,31,9702.0,3,12.54,1,1,468752.0
1038.0,4,2.0,19,3811.0,2,3.87,5,0,212601.0
1561.0,2,2.0,20,4192.0,2,3.41,9,1,324696.0
2022.0,3,3.0,33,3595.0,3,11.44,3,0,289611.0
2924.0,4,3.0,27,7126.0,2,21.08,5,0,387834.0
1159.0,1,1.0,16,6665.0,2,6.43,10,0,204119.0
1641.0,4,3.0,26,5339.0,2,0.5,10,1,335031.0
2305.0,1,1.0,10,3965.0,2,5.44,7,1,351705.0
2083.0,3,2.0,77,3334.0,1,2.69,7,0,271015.0
1555.0,3,2.0,30,6379.0,2,6.16,7,0,249070.0
1713.0,3,2.0,8,5336.0,3,4.18,3,0,267644.0
906.0,3,2.0,46,4786.0,2,2.1,9,1,189210.0
1645.0,3,3.0,70,10368.0,3,0.5,1,0,181751.0
1627.0,3,3.0,28,6294.0,3,0.5,1,1,270994.0
1951.0,3,3.0,67,9675.0,1,9.66,7,0,256727.0
1439.0,3,3.0,48,5167.0,0,3.56,9,0,247747.0
2107.0,4,4.0,59,7112.0,1,21.29,9,0,320911.0
2458.0,3,2.0,23,6361.0,3,25.76,7,0,1009886.0
1901.0,4,3.0,2,2256.0,3,10.44,4,1,327574.0
2029.0,5,3.0,27,10071.0,2,6.91,4,1,331788.0
1835.0,5,3.0,73,6162.0,3,2.48,5,1,287534.0
1800.0,1,1.0,63,8366.0,0,4.63,3,0,226203.0
1331.0,4,4.0,62,4620.0,2,6.48,5,1,219437.0
2006.0,2,2.0,70,6088.0,2,17.18,2,0,169573.0
1737.0,1,1.0,29,4333.0,2,8.1,4,0,222297.0
3161.0,4,3.0,25,9590.0,2,2.3,10,0,521236.0
2823.0,1,1.0,74,7279.0,1,3.99,8,0,353489.0
2051.0,5,3.0,45,7418.0,2,26.09,2,0,266321.0
1304.0,4,3.0,23,9895.0,2,1.98,3,0,222997.0
1077.0,5,4.0,22,9391.0,3,11.02,3,0,198005.0
2574.0,4,2.0,70,8413.0,0,1.36,3,0,331130.0
1971.0,5,5.0,4,2946.0,1,1.56,7,0,354139.0
2112.0,1,1.0,4,4761.0,1,18.21,9,0,329515.0
666.0,5,3.0,59,3990.0,0,4.86,8,1,171057.0
2403.0,1,1.0,0,8319.0,1,5.26,5,0,329532.0
2095.0,2,1.0,13,6927.0,1,3.18,2,0,277894.0
1078.0,1,1.0,79,3024.0,1,3.78,2,1,116757.0
1494.0,3,3.0,34,,1,4.68,9,1,289635.0
1971.0,4,2.0,58,2765.0,2,2.03,7,1,329099.0
1834.0,2,2.0,38,6367.0,2,1.73,6,1,267019.0
1610.0,5,4.0,7,2362.0,1,12.33,6,1,260091.0
1733.0,4,4.0,14,7822.0,3,3.15,9,0,360770.0
1636.0,4,4.0,60,7445.0,1,4.99,9,1,307915.0
1899.0,5,5.0,7,11270.0,2,25.46,1,1,278514.0
2756.0,3,3.0,47,8620.0,0,0.5,4,0,375122.0
450.0,2,1.0,27,5443.0,0,2.48,1,1,87137.0
1646.0,5,5.0,29,8545.0,1,5.81,4,1,270420.0
1915.0,3,3.0,76,,1,16.38,7,1,244881.0
1992.0,4,3.0,48,4094.0,1,12.47,3,1,263764.0
1558.0,2,2.0,49,7333.0,0,17.18,2,0,178268.0
658.0,2,2.0,28,1104.0,1,2.59,5,0,102529.0
2013.0,1,1.0,30,6407.0,2,6.27,6,0,287156.0
2923.0,2,2.0,54,3949.0,2,20.76,8,1,384510.0
803.0,1,1.0,3,6753.0,0,14.54,1,1,122539.0
2361.0,4,2.0,18,3806.0,1,5.54,3,1,338025.0
1586.0,1,1.0,48,7561.0,2,0.72,8,1,260453.0
1760.0,4,3.0,49,6548.0,2,6.98,7,1,313902.0
1116.0,5,4.0,7,10001.0,3,0.5,9,0,284588.0
1583.0,4,2.0,63,6517.0,1,13.32,9,1,248746.0
2645.0,3,2.0,43,4578.0,2,21.51,9,0,336909.0
2179.0,1,1.0,19,5883.0,3,10.94,6,0,303555.0
2926.0,5,4.0,60,3139.0,1,2.53,10,0,448196.0
2565.0,1,1.0,79,7515.0,3,5.27,5,0,314623.0
2085.0,4,4.0,33,7975.0,1,5.8,10,0,376234.0
2934.0,4,4.0,22,12673.0,1,3.44,4,0,441203.0
2085.0,1,1.0,23,4945.0,2,16.44,5,0,312296.0
2338.0,4,3.0,47,5831.0,2,3.42,7,1,352985.0
1607.0,1,1.0,3,5061.0,2,15.48,4,0,200312.0
1843.0,2,2.0,38,7030.0,0,6.35,2,0,206037.0
1347.0,5,3.0,1,7454.0,0,1.08,9,0,286508.0
2443.0,5,3.0,3,6367.0,3,17.37,5,0,353920.0
1034.0,2,2.0,34,9216.0,3,5.52,10,0,235025.0
2309.0,5,5.0,59,4958.0,3,0.83,4,0,354128.0
1676.0,5,5.0,70,8965.0,2,17.37,10,1,321456.0
2561.0,4,2.0,7,7846.0,3,11.96,7,0,412804.0
2288.0,1,1.0,19,6470.0,1,2.58,8,1,408324.0
2983.0,2,1.0,33,5713.0,0,4.37,8,0,411310.0
2275.0,4,4.0,45,12567.0,0,20.01,3,1,272291.0
778.0,5,5.0,78,4457.0,1,3.34,9,1,199933.0
1756.0,5,4.0,54,7245.0,1,6.81,10,0,274418.0
1038.0,3,3.0,43,4624.0,3,12.76,7,0,169909.0
1463.0,2,1.0,4,10964.0,1,3.59,10,0,312477.0
2782.0,5,4.0,6,8717.0,2,15.79,9,0,454653.0
2214.0,2,2.0,12,4804.0,1,9.62,7,0,333630.0
1346.0,2,2.0,52,7781.0,2,6.42,5,0,172915.0
1141.0,5,4.0,26,7144.0,2,5.52,9,1,273814.0
1821.0,3,2.0,19,5208.0,0,14.91,2,1,258432.0
1009.0,2,1.0,53,8395.0,1,10.94,6,0,145535.0
1364.0,1,1.0,65,7473.0,0,5.18,9,0,189096.0
2003.0,3,2.0,35,7039.0,3,3.34,10,0,327804.0
2551.0,5,4.0,70,6395.0,2,3.84,3,0,311660.0
2196.0,3,3.0,58,7578.0,3,7.87,1,1,284105.0
450.0,4,3.0,57,7073.0,3,0.5,4,0,108989.0
1998.0,2,1.0,69,6648.0,0,1.41,9,0,269901.0
1847.0,4,2.0,14,4897.0,2,21.95,6,0,233804.0
2069.0,4,3.0,60,,0,12.24,1,0,231231.0
2851.0,4,4.0,76,3874.0,3,11.26,2,0,312263.0
459.0,4,3.0,79,7569.0,3,6.21,4,0,86115.0
1416.0,3,3.0,46,5699.0,2,2.54,4,0,197650.0
2184.0,2,2.0,60,10899.0,3,7.21,2,0,248653.0
772.0,4,2.0,71,4241.0,3,0.5,5,1,143006.0
2759.0,5,4.0,68,4662.0,3,5.55,5,0,144633.0
2039.0,5,5.0,71,4075.0,0,0.5,2,1,280444.0
2350.0,2,1.0,66,7309.0,0,3.76,3,0,269560.0
1429.0,4,2.0,30,3067.0,3,33.75,7,0,205461.0
2329.0,1,1.0,58,5304.0,1,3.15,10,1,322165.0
2495.0,3,3.0,32,1119.0,1,9.4,10,0,363274.0
1951.0,3,2.0,64,7101.0,0,4.11,6,0,215375.0
1952.0,2,2.0,64,5249.0,2,0.5,1,0,251640.0
1976.0,5,3.0,74,2780.0,3,0.5,9,1,353366.0
1239.0,5,5.0,47,9214.0,3,1.3,10,1,305718.0
1704.0,1,1.0,38,3231.0,2,2.02,3,0,220667.0
1701.0,2,1.0,13,8492.0,2,4.01,5,0,244936.0
2049.0,2,2.0,51,4747.0,2,2.25,1,0,236132.0
2450.0,5,5.0,45,10504.0,1,6.04,9,0,434684.0
1112.0,3,3.0,41,8374.0,2,12.04,8,0,210245.0
1719.0,4,3.0,54,3980.0,3,0.5,1,0,209306.0
2763.0,5,3.0,68,4207.0,1,1.19,8,1,374384.0
1317.0,4,4.0,11,8014.0,1,22.96,5,0,240670.0
1266.0,1,1.0,34,5844.0,2,10.33,6,1,203944.0
1931.0,1,1.0,57,6077.0,2,1.46,3,1,217384.0
2349.0,2,2.0,65,9681.0,0,0.62,9,1,341792.0
1807.0,2,2.0,62,4628.0,1,15.41,5,0,188153.0
2664.0,4,3.0,63,6728.0,2,19.04,9,0,365664.0
2357.0,1,1.0,68,8887.0,2,5.95,2,0,265494.0
2347.0,2,1.0,76,8523.0,2,6.22,6,0,286116.0
2160.0,2,1.0,48,6101.0,3,0.71,4,0,304120.0
3313.0,1,1.0,19,5778.0,2,5.4,10,0,495407.0
1667.0,1,1.0,45,2153.0,2,6.45,6,0,245453.0
498.0,1,1.0,56,3859.0,1,22.15,8,0,61238.0
2843.0,3,2.0,8,7296.0,1,1.51,1,1,450064.0
1502.0,3,2.0,60,6155.0,3,3.42,7,1,240901.0
1870.0,3,2.0,43,6687.0,1,5.17,2,0,217896.0
2651.0,3,3.0,74,9098.0,2,1.47,4,1,336026.0
759.0,4,3.0,16,3532.0,0,12.33,3,0,120238.0
986.0,5,4.0,72,5910.0,0,2.78,1,0,79659.0
759.0,3,3.0,35,6972.0,0,2.74,6,1,176047.0
1284.0,4,2.0,45,4740.0,0,12.54,3,0,120224.0
2086.0,4,4.0,52,10079.0,2,0.79,6,0,329772.0
2141.0,4,4.0,46,8771.0,2,6.25,8,0,321760.0
1980.0,1,1.0,72,7225.0,2,2.84,2,0,208684.0
882.0,5,4.0,13,10986.0,1,4.06,8,0,247333.0
450.0,1,1.0,58,2753.0,2,5.28,3,0,85854.0
1835.0,3,3.0,77,6481.0,0,10.5,4,0,188833.0
1493.0,4,4.0,17,7416.0,1,7.57,6,0,264499.0
2099.0,3,2.0,20,4214.0,0,8.34,7,0,302840.0
2256.0,2,2.0,38,7252.0,0,7.02,7,0,306268.0
1890.0,5,4.0,57,3734.0,0,5.29,2,1,234304.0
2294.0,1,1.0,76,8226.0,0,15.76,6,1,286336.0
1949.0,2,1.0,63,9145.0,1,0.51,3,0,228733.0
2145.0,5,3.0,63,,2,8.76,3,1,325680.0
1342.0,4,3.0,35,1868.0,2,5.37,10,0,270348.0
1683.0,1,1.0,51,4083.0,1,1.61,2,0,172776.0
1928.0,4,3.0,16,7912.0,0,21.49,5,0,267727.0
2333.0,5,4.0,37,6553.0,0,15.44,5,0,306125.0
1544.0,1,1.0,15,1000.0,2,15.73,3,1,221234.0
2139.0,3,2.0,2,9607.0,3,3.26,8,1,369073.0
1627.0,3,2.0,68,6842.0,1,7.04,5,0,183977.0
1724.0,1,1.0,64,4452.0,0,9.62,8,0,212675.0
2339.0,2,1.0,40,,1,6.39,4,0,311356.0
505.0,1,1.0,1,4806.0,0,8.01,9,0,61235.0
957.0,1,1.0,7,4779.0,0,7.88,8,0,215716.0
837.0,3,2.0,8,7396.0,1,4.6,4,1,192105.0
450.0,3,2.0,57,10953.0,3,3.35,10,1,167820.0
1359.0,2,2.0,16,10559.0,2,3.36,9,1,309811.0
2287.0,2,2.0,20,7399.0,3,1.35,6,0,338389.0
1615.0,1,1.0,68,7656.0,1,13.9,1,0,109098.0
1929.0,4,4.0,70,8479.0,1,23.02,6,0,250492.0
2508.0,2,1.0,61,3358.0,1,5.69,7,1,320000.0
2663.0,5,3.0,24,8110.0,0,6.09,4,0,374820.0
1755.0,3,2.0,46,4665.0,1,40.12,2,0,152736.0
2680.0,5,3.0,16,7296.0,1,15.14,6,0,396852.0
1860.0,4,3.0,68,5931.0,1,11.79,9,1,306479.0
1256.0,2,2.0,6,7753.0,0,2.21,4,1,244556.0
1414.0,4,4.0,59,6795.0,2,12.2,5,0,207177.0
838.0,2,2.0,40,1000.0,3,0.83,1,0,99490.0
1223.0,1,1.0,60,6947.0,3,1.95,8,1,219597.0
1567.0,2,1.0,36,8105.0,0,6.38,9,0,248247.0
2322.0,2,1.0,12,7615.0,0,3.12,8,0,362366.0
2919.0,1,1.0,60,6244.0,3,4.33,5,0,414731.0
902.0,1,1.0,50,10605.0,3,3.6,1,0,113656.0
2055.0,5,5.0,37,7278.0,2,9.19,5,0,325120.0
1124.0,3,2.0,29,7594.0,1,3.75,10,1,244534.0
2109.0,3,3.0,27,9111.0,2,4.59,1,0,303494.0
1715.0,5,5.0,38,7406.0,2,18.21,3,0,254006.0
610.0,2,2.0,20,4255.0,3,15.79,9,0,171701.0
2403.0,3,2.0,22,1000.0,2,0.5,6,0,361764.0
1407.0,5,4.0,22,5307.0,0,2.46,2,0,235437.0
1453.0,4,4.0,1,8402.0,2,16.88,1,0,242050.0
1105.0,2,2.0,74,5617.0,3,0.5,5,0,161242.0
1375.0,2,1.0,18,8503.0,1,1.88,6,0,236030.0
2078.0,1,1.0,13,6872.0,0,7.68,9,1,363081.0
1677.0,1,1.0,12,9720.0,0,7.19,9,0,276173.0
2014.0,1,1.0,79,5762.0,3,4.99,5,0,227656.0
2035.0,4,2.0,38,7669.0,1,4.59,5,0,294136.0
2658.0,4,2.0,26,7765.0,2,9.39,10,0,394451.0
1577.0,3,2.0,32,10254.0,3,10.53,8,0,291989.0
840.0,4,3.0,7,2233.0,0,13.28,3,1,135430.0
2494.0,1,1.0,25,5354.0,0,5.54,7,0,342188.0
1585.0,2,1.0,19,8621.0,3,1.43,8,1,304119.0
2524.0,2,2.0,64,10365.0,2,7.17,3,0,307064.0
2049.0,5,4.0,4,7100.0,0,10.81,10,1,385674.0
1715.0,4,4.0,34,5768.0,2,28.11,3,0,211337.0
2027.0,5,5.0,63,8393.0,0,5.58,6,0,296117.0
3068.0,2,2.0,66,8672.0,3,3.46,5,0,1087760.0
3150.0,5,3.0,41,5601.0,3,17.96,7,0,421767.0
1845.0,1,1.0,17,7326.0,3,0.5,10,1,374422.0
1904.0,2,2.0,26,9451.0,1,3.72,4,1,255263.0
2500.0,3,2.0,17,11226.0,1,7.54,4,0,354306.0
1250.0,1,1.0,52,8357.0,3,2.78,8,0,72291.0
2016.0,5,5.0,23,6610.0,2,15.88,10,0,368840.0
1783.0,5,5.0,50,6365.0,2,7.65,10,0,296233.0
2004.0,3,2.0,52,7893.0,0,30.2,8,1,258493.0
1258.0,2,2.0,75,6211.0,2,4.78,8,0,189225.0
767.0,1,1.0,29,6974.0,2,1.8,8,1,207706.0
453.0,4,4.0,76,3855.0,1,16.56,10,0,38454.0
1074.0,3,2.0,32,9743.0,3,5.23,1,1,151242.0
1502.0,4,2.0,54,3650.0,0,12.43,6,0,190238.0
1609.0,4,3.0,52,5420.0,2,5.71,1,0,212866.0
3059.0,1,1.0,65,6744.0,3,1.09,6,1,389530.0
2519.0,1,1.0,37,11477.0,2,1.04,4,0,342803.0
1175.0,4,3.0,63,5443.0,0,3.21,4,0,158542.0
2026.0,1,1.0,28,4835.0,2,1.04,9,0,322708.0
1535.0,5,5.0,39,5123.0,2,0.61,8,0,959323.0
1615.0,1,1.0,39,10647.0,2,23.96,6,1,219850.0
1920.0,4,4.0,56,1000.0,1,2.05,9,1,329525.0
2202.0,5,3.0,49,3993.0,2,6.51,1,0,255715.0
1579.0,3,2.0,6,13328.0,1,0.5,7,1,330868.0
2492.0,1,1.0,64,7977.0,2,4.2,2,0,298359.0
1058.0,5,5.0,60,3735.0,2,2.06,3,1,167666.0
1804.0,1,1.0,8,6395.0,2,4.41,2,0,250089.0
3488.0,3,3.0,76,6669.0,3,16.2,6,0,413479.0
1945.0,5,5.0,52,8615.0,3,3.22,7,0,307516.0
2732.0,4,4.0,6,11099.0,3,9.21,8,0,477226.0
1859.0,1,1.0,39,7471.0,3,2.55,5,1,273396.0
2178.0,5,5.0,66,5151.0,3,9.87,10,0,308945.0
1763.0,1,1.0,22,8468.0,0,1.23,4,0,283997.0
1689.0,4,3.0,74,4754.0,1,9.58,2,0,167228.0
1293.0,4,3.0,33,3917.0,2,10.65,1,0,161186.0
2080.0,2,1.0,18,2100.0,1,0.5,2,0,300651.0
1247.0,3,2.0,28,2587.0,2,0.5,5,0,206669.0
2233.0,1,1.0,41,4259.0,0,8.01,5,1,813056.0
2505.0,5,3.0,55,3556.0,0,3.23,9,0,350443.0
2038.0,2,2.0,74,7283.0,2,15.95,2,1,192967.0
1614.0,2,2.0,15,3501.0,3,38.85,3,1,191217.0
2095.0,3,3.0,76,1000.0,1,6.2,10,0,306587.0
1599.0,4,3.0,42,3890.0,1,7.57,1,0,198971.0
2408.0,3,2.0,10,5320.0,2,2.58,5,1,371728.0
610.0,3,2.0,74,4986.0,1,27.59,2,1,35000.0
1582.0,3,2.0,27,10299.0,0,7.66,6,0,219378.0
506.0,5,5.0,49,4966.0,2,5.58,10,1,196720.0
828.0,2,1.0,55,8702.0,3,5.09,3,1,131994.0
2687.0,5,5.0,1,6453.0,2,0.71,4,0,464963.0
2382.0,4,4.0,17,6394.0,3,8.94,5,1,383176.0
1332.0,5,4.0,54,4412.0,2,1.48,8,0,229751.0
823.0,5,5.0,25,6353.0,3,1.59,10,1,263066.0
450.0,4,3.0,0,4587.0,0,9.44,1,1,99747.0
1447.0,2,2.0,1,6925.0,0,0.56,5,0,260723.0
3373.0,4,4.0,66,5909.0,0,5.92,8,0,457184.0
2083.0,4,4.0,12,4138.0,3,7.12,1,0,274153.0
1436.0,2,2.0,8,8980.0,2,0.67,9,1,284283.0
2102.0,4,4.0,44,7567.0,0,2.51,3,0,292977.0
785.0,2,2.0,9,5380.0,3,11.84,6,1,209004.0
1607.0,3,2.0,52,6864.0,1,6.66,10,0,272045.0
1865.0,4,4.0,43,6290.0,2,3.71,7,0,320549.0
1744.0,1,1.0,51,4331.0,0,1.9,10,1,304553.0
2314.0,2,2.0,39,6676.0,0,7.01,7,0,331415.0
2024.0,4,4.0,62,4947.0,1,3.29,3,0,245535.0
2234.0,3,2.0,51,4138.0,0,4.89,7,0,312015.0
1353.0,5,4.0,33,2443.0,2,8.62,7,0,263991.0
2384.0,1,1.0,1,5603.0,0,15.4,4,0,323396.0
2859.0,4,3.0,21,7917.0,0,31.37,1,0,335921.0
1169.0,5,5.0,10,4763.0,2,11.21,7,0,240494.0
1223.0,5,4.0,1,12802.0,1,8.86,6,0,260056.0
2668.0,1,1.0,21,8714.0,2,30.71,8,0,354883.0
1676.0,5,3.0,16,9761.0,2,2.71,2,0,266512.0
2712.0,2,2.0,6,8488.0,3,5.75,6,0,437874.0
1512.0,2,2.0,24,11132.0,3,5.13,9,1,266945.0
2746.0,2,2.0,40,4532.0,0,8.19,9,0,390136.0
1885.0,4,2.0,14,1000.0,2,9.02,10,0,331021.0
1968.0,4,3.0,21,5385.0,2,25.15,3,0,228505.0
2817.0,3,2.0,1,7896.0,2,1.58,2,1,427091.0
1565.0,1,1.0,4,6879.0,3,6.4,6,1,270440.0
1188.0,5,4.0,12,7189.0,0,3.73,5,1,240171.0
1508.0,2,1.0,36,9802.0,1,1.56,3,1,258950.0
2094.0,1,1.0,53,7455.0,3,1.31,2,0,273714.0
782.0,3,3.0,63,8497.0,3,3.03,2,1,136284.0
2214.0,3,2.0,50,4151.0,0,3.34,4,0,287353.0
1450.0,4,3.0,49,3762.0,1,18.39,8,1,230054.0
2546.0,5,5.0,74,10535.0,1,3.77,1,1,362971.0
450.0,1,1.0,20,6752.0,0,6.92,2,1,95158.0
1289.0,2,1.0,63,4942.0,0,8.57,3,0,117585.0
704.0,3,3.0,74,4947.0,2,7.35,9,1,129210.0
1263.0,4,4.0,45,4877.0,2,4.4,10,0,268411.0
1961.0,4,2.0,67,4728.0,2,18.95,5,0,230953.0
1684.0,2,2.0,11,3292.0,1,16.96,1,0,174469.0
1635.0,4,3.0,70,2749.0,3,6.35,1,0,189029.0
1697.0,5,5.0,45,6012.0,2,0.7,9,0,314069.0
1932.0,3,2.0,17,5018.0,3,4.58,5,0,313103.0
1144.0,5,5.0,4,9268.0,1,3.17,1,0,219457.0
2259.0,4,3.0,57,7233.0,0,5.75,9,0,329660.0
2231.0,2,2.0,34,7163.0,1,4.73,6,0,333444.0
2050.0,2,2.0,24,4642.0,2,6.03,4,0,279274.0
2162.0,4,3.0,31,6197.0,1,8.3,5,1,320224.0
1993.0,2,2.0,79,7403.0,3,8.93,3,0,215575.0
3123.0,2,2.0,34,8290.0,0,8.48,10,1,492287.0
1743.0,2,2.0,6,6265.0,2,10.66,8,0,298333.0
1600.0,4,2.0,22,9198.0,1,12.72,2,0,242870.0
1310.0,2,2.0,11,6520.0,0,4.49,8,0,280864.0
1129.0,4,2.0,54,8482.0,2,21.72,2,0,106347.0
991.0,5,4.0,64,5275.0,3,25.93,5,0,77968.0
1222.0,5,5.0,67,1969.0,2,2.78,8,0,238802.0
1754.0,5,5.0,50,7171.0,0,18.45,1,0,196474.0
2017.0,1,1.0,61,,0,8.47,8,0,251598.0
1833.0,3,2.0,33,7938.0,1,7.44,3,0,237050.0
1302.0,2,2.0,50,7555.0,2,1.61,7,0,211281.0
2385.0,5,5.0,8,5629.0,1,7.24,5,1,416681.0
2281.0,4,3.0,43,4483.0,1,4.52,1,0,282525.0
1696.0,2,2.0,44,7879.0,3,42.78,8,0,235601.0
1376.0,3,2.0,2,7566.0,0,13.52,3,0,215077.0
2156.0,4,2.0,43,5098.0,0,6.3,10,0,334418.0
1922.0,3,3.0,57,9274.0,0,13.47,9,0,279975.0
859.0,3,3.0,29,4293.0,3,5.06,2,0,149900.0
1756.0,1,1.0,43,5041.0,1,0.73,7,0,274478.0
1970.0,3,2.0,22,10591.0,0,19.28,4,0,281073.0
1215.0,2,1.0,21,8671.0,1,7.19,7,0,212309.0
1923.0,5,5.0,10,5605.0,3,3.17,6,0,352575.0
854.0,5,3.0,26,7218.0,2,9.81,3,0,163234.0
2669.0,4,3.0,64,6887.0,0,16.75,7,1,350180.0
2611.0,1,1.0,74,1000.0,0,12.33,3,0,236993.0
1636.0,5,3.0,50,4234.0,0,4.37,10,0,269335.0
2036.0,2,2.0,49,6373.0,3,0.77,10,0,335586.0
450.0,3,2.0,49,5608.0,0,16.43,2,1,60080.0
1048.0,5,5.0,38,7118.0,1,5.47,8,1,265469.0
1609.0,5,4.0,33,9324.0,1,0.5,10,1,316388.0
1103.0,1,1.0,49,5696.0,2,1.53,2,0,122364.0
2264.0,2,1.0,62,3856.0,2,0.5,8,0,312350.0
3098.0,4,4.0,33,7312.0,3,9.29,10,1,516982.0
1035.0,3,3.0,45,5683.0,1,17.85,3,0,115204.0
1256.0,2,1.0,37,6110.0,1,10.56,6,1,192602.0
1953.0,3,2.0,22,5771.0,1,1.81,8,0,301411.0
2847.0,5,5.0,23,12105.0,0,21.42,4,0,400394.0
1005.0,2,1.0,6,1000.0,2,1.63,3,0,163508.0
1962.0,4,3.0,35,5529.0,2,15.36,4,0,255147.0
2984.0,4,3.0,56,6491.0,1,6.9,4,1,389937.0
726.0,5,4.0,54,4547.0,3,0.5,8,0,202745.0
967.0,2,1.0,78,8750.0,0,1.86,4,0,90677.0
1525.0,2,2.0,3,8533.0,3,0.92,4,0,253578.0
1462.0,3,2.0,60,6381.0,2,6.98,10,1,287048.0
2328.0,3,2.0,63,5823.0,0,11.76,6,0,290902.0
1957.0,3,3.0,34,6220.0,2,9.02,10,1,361814.0
646.0,4,3.0,22,6238.0,3,16.74,8,1,189662.0
2135.0,4,2.0,28,6304.0,1,8.61,9,0,344829.0
1425.0,2,2.0,54,6030.0,1,1.6,2,1,180712.0
2628.0,4,2.0,68,7131.0,3,10.39,10,1,414388.0
1392.0,2,2.0,51,8383.0,0,7.38,10,0,259662.0
1386.0,3,2.0,41,3424.0,0,5.19,1,0,176580.0
2152.0,1,1.0,52,3873.0,2,15.73,4,0,222879.0
2296.0,2,1.0,5,2129.0,3,35.62,5,0,309107.0
2091.0,5,3.0,48,8666.0,2,3.88,5,0,304643.0
704.0,3,2.0,3,7126.0,0,5.81,8,1,189381.0
2150.0,4,2.0,76,7763.0,2,8.14,7,0,288075.0
1128.0,1,1.0,71,2926.0,1,10.99,3,0,111835.0
1953.0,4,4.0,40,10962.0,3,10.44,7,0,331797.0
875.0,2,2.0,29,4978.0,2,0.75,10,0,209162.0
2090.0,4,2.0,58,6921.0,1,0.5,5,0,303444.0
1276.0,5,5.0,51,8636.0,2,7.94,10,0,268337.0
966.0,3,3.0,56,4033.0,2,1.28,7,0,166572.0
2264.0,1,1.0,41,5134.0,2,3.36,10,0,338897.0
1957.0,3,3.0,18,6948.0,1,7.13,10,0,357081.0
1401.0,1,1.0,5,13644.0,2,1.25,1,1,230973.0
2743.0,3,2.0,22,7253.0,0,13.52,9,0,381942.0
1514.0,1,1.0,42,10516.0,1,6.83,2,0,198831.0
1821.0,4,4.0,33,9514.0,1,0.51,9,0,328521.0
1975.0,2,1.0,40,7420.0,2,0.5,9,1,366466.0
1397.0,2,1.0,22,4027.0,3,2.74,3,0,181742.0
2106.0,1,1.0,75,9149.0,3,3.17,1,0,223240.0
1453.0,5,5.0,29,2755.0,1,7.15,5,0,229943.0
1532.0,5,4.0,67,10502.0,2,1.34,4,0,214258.0
2686.0,5,5.0,31,7000.0,0,6.32,6,0,392330.0
1124.0,1,1.0,35,1000.0,1,5.95,1,0,147895.0
450.0,2,2.0,48,5649.0,2,5.07,1,0,53613.0
2847.0,5,3.0,21,8135.0,2,21.23,5,1,138017.0
3457.0,3,3.0,17,5907.0,3,6.3,8,0,484839.0
1537.0,1,1.0,30,8288.0,1,0.5,4,1,208035.0
541.0,1,1.0,64,4375.0,3,7.48,4,0,54212.0
1598.0,2,2.0,11,3235.0,3,0.92,2,0,227670.0
1614.0,5,4.0,35,6321.0,2,3.36,3,0,687675.0
1677.0,1,1.0,53,6579.0,0,4.02,3,0,152867.0
1076.0,5,4.0,56,5629.0,1,3.84,3,0,157068.0
2177.0,4,3.0,34,9568.0,3,1.95,4,1,364531.0
2141.0,5,3.0,6,4374.0,2,11.35,3,0,343995.0
829.0,5,3.0,1,,3,6.97,7,0,187336.0
2254.0,2,1.0,37,6670.0,3,4.59,4,0,291502.0
3134.0,5,4.0,64,2608.0,0,16.71,8,0,1100016.0
1912.0,1,1.0,2,3202.0,3,6.12,7,0,316527.0
1581.0,2,1.0,70,6530.0,1,5.93,7,0,189401.0
1708.0,2,2.0,54,11453.0,3,3.17,6,0,293833.0
2200.0,1,1.0,0,7948.0,2,6.65,10,0,383795.0
675.0,1,1.0,27,2186.0,1,2.98,3,0,95924.0
1907.0,1,1.0,17,1000.0,0,8.48,10,0,332657.0
1546.0,1,1.0,75,8333.0,0,3.7,3,0,161449.0
3001.0,2,2.0,44,6259.0,2,4.93,2,0,374408.0
1687.0,1,1.0,25,9353.0,2,11.4,9,1,284806.0
2884.0,1,1.0,22,4298.0,2,0.5,9,1,426784.0
1083.0,5,5.0,45,7376.0,0,1.93,1,0,147320.0
2182.0,1,1.0,0,8615.0,2,7.69,6,0,380556.0
2008.0,1,1.0,20,5381.0,0,1.21,6,1,322518.0
1235.0,1,1.0,13,5435.0,0,6.01,3,0,178624.0
1915.0,1,1.0,49,6563.0,1,10.69,6,0,230718.0
2588.0,3,3.0,53,7857.0,2,1.72,7,0,394747.0
1590.0,5,5.0,37,6464.0,2,1.27,6,0,259960.0
700.0,4,4.0,11,8935.0,3,7.67,6,1,179522.0
1789.0,3,2.0,29,5345.0,3,2.9,9,1,323044.0
1213.0,1,1.0,67,3179.0,1,0.5,3,1,180391.0
1577.0,4,3.0,16,11442.0,3,2.88,7,1,358247.0
1747.0,1,1.0,13,4988.0,0,2.63,4,0,240906.0
691.0,4,3.0,8,5079.0,3,7.91,10,1,221961.0
750.0,3,2.0,65,6335.0,1,21.51,3,0,35000.0
2113.0,5,5.0,9,6668.0,3,4.28,9,0,403821.0
1460.0,2,1.0,46,5533.0,3,4.69,7,0,233400.0
450.0,4,2.0,79,6456.0,2,3.21,3,0,68845.0
2310.0,3,2.0,51,6401.0,3,1.93,8,0,369309.0
1977.0,3,3.0,32,6937.0,0,19.21,3,0,239633.0
1336.0,5,5.0,16,1000.0,0,2.43,3,0,231089.0
944.0,4,2.0,0,11202.0,2,21.12,4,0,162892.0
2343.0,3,2.0,12,6132.0,2,3.29,7,0,385521.0
2027.0,3,3.0,76,7952.0,0,49.06,4,0,156363.0
3349.0,4,3.0,11,3055.0,2,2.83,6,0,498586.0
2073.0,2,2.0,1,5322.0,0,1.5,6,0,338377.0
2052.0,1,1.0,65,4819.0,3,31.59,2,1,195385.0
1691.0,3,3.0,33,10174.0,0,10.59,3,0,245147.0
2331.0,1,1.0,28,5035.0,1,11.3,4,0,265105.0
2206.0,1,1.0,57,8395.0,3,27.03,3,0,211294.0
2614.0,3,2.0,41,4874.0,2,7.75,10,1,409083.0
1461.0,4,4.0,73,5368.0,2,2.46,4,0,174731.0
1517.0,4,4.0,37,5886.0,2,4.92,5,0,240644.0
1489.0,2,2.0,57,9710.0,3,1.29,7,0,83171.0
2314.0,3,2.0,70,1775.0,1,7.47,8,1,343820.0
2774.0,1,1.0,37,3211.0,3,4.55,7,1,402785.0
1502.0,4,4.0,22,1632.0,2,1.06,6,0,286752.0
1524.0,2,2.0,77,3781.0,3,4.65,10,0,245865.0
2004.0,4,3.0,18,4471.0,2,2.15,9,0,348974.0
1640.0,5,4.0,3,2464.0,0,12.15,3,0,251215.0
2419.0,4,3.0,46,4665.0,2,4.76,2,1,336184.0
450.0,2,2.0,78,1463.0,3,9.09,4,1,77595.0
1263.0,5,5.0,6,3955.0,0,7.37,9,1,290648.0
1291.0,4,4.0,67,,3,1.98,10,1,238970.0
450.0,4,4.0,66,7509.0,0,17.16,8,0,63953.0
1174.0,5,3.0,74,6969.0,3,1.33,7,1,213050.0
1205.0,5,4.0,33,3993.0,3,2.8,3,0,162524.0
1669.0,1,1.0,20,2660.0,0,0.5,6,0,284073.0
2523.0,5,5.0,40,3652.0,2,8.21,2,0,344897.0
1641.0,4,3.0,11,6392.0,0,1.24,6,0,276796.0
1130.0,2,2.0,67,8670.0,2,11.12,2,1,113503.0
1763.0,2,1.0,53,8756.0,3,3.46,1,1,243248.0
2482.0,4,3.0,38,,0,3.12,10,1,392857.0
1166.0,2,2.0,41,4656.0,0,0.57,9,1,212822.0
1208.0,3,2.0,56,6561.0,1,15.8,7,0,159518.0
2163.0,4,2.0,41,5697.0,1,29.45,7,0,280102.0
1656.0,4,4.0,67,5997.0,0,2.82,3,1,236043.0
2221.0,5,4.0,73,11593.0,1,3.22,6,0,342128.0
1791.0,1,1.0,75,2095.0,1,7.28,8,1,259109.0
2256.0,2,2.0,49,5913.0,0,5.7,6,0,301245.0
1127.0,5,5.0,59,9529.0,1,21.04,3,0,163562.0
1792.0,3,2.0,24,2835.0,0,6.99,4,0,233959.0
1663.0,2,2.0,3,4891.0,3,26.35,9,0,247852.0
1010.0,2,2.0,32,5177.0,3,16.06,3,1,139229.0
784.0,2,2.0,69,5942.0,1,4.45,10,1,155683.0
2246.0,3,2.0,10,2510.0,3,4.35,8,0,360361.0
1572.0,2,2.0,43,7988.0,1,11.3,9,0,237799.0
1136.0,4,3.0,15,8166.0,3,13.69,6,0,213443.0
1737.0,3,2.0,34,7771.0,0,6.22,3,0,243197.0
2533.0,4,3.0,11,4324.0,1,0.5,1,0,377624.0
450.0,1,1.0,58,6716.0,2,8.98,6,0,44379.0
827.0,4,2.0,64,4251.0,0,13.84,4,0,65840.0
1200.0,5,4.0,60,5669.0,3,1.24,2,0,160634.0
2750.0,1,1.0,56,11884.0,1,12.82,10,0,400433.0
1984.0,2,1.0,18,6739.0,1,3.64,10,1,353587.0
2299.0,4,3.0,42,3531.0,1,2.97,4,0,299890.0
1059.0,4,4.0,8,6951.0,3,6.44,7,0,258662.0
1072.0,4,2.0,29,3121.0,0,11.41,5,1,195211.0
2091.0,3,3.0,40,3502.0,3,3.99,5,1,319078.0
1838.0,4,3.0,53,3897.0,3,4.53,7,1,286161.0
2157.0,4,2.0,7,5389.0,3,7.29,5,0,344496.0
1678.0,1,1.0,65,8842.0,3,25.64,9,0,218578.0
1981.0,4,2.0,36,7946.0,3,2.77,2,1,286099.0
1903.0,3,2.0,70,7807.0,2,1.73,7,0,265888.0
2306.0,1,1.0,42,3753.0,1,7.12,10,0,357366.0
2325.0,3,2.0,43,5147.0,1,4.72,9,1,373452.0
747.0,3,2.0,55,7180.0,3,3.57,1,0,113404.0
450.0,1,1.0,65,4929.0,1,11.36,2,1,155126.0
2451.0,5,3.0,12,5804.0,2,7.66,7,1,417790.0
2572.0,2,1.0,40,7603.0,0,1.49,10,0,382166.0
1137.0,2,2.0,2,5628.0,1,30.03,9,1,237716.0
591.0,3,2.0,37,7065.0,1,12.14,10,0,163963.0
1864.0,5,4.0,65,10482.0,1,1.01,2,1,310502.0
2405.0,4,3.0,69,6070.0,2,12.0,6,1,334277.0
2968.0,4,2.0,22,9448.0,2,18.44,8,1,461392.0
2136.0,2,2.0,30,7898.0,1,11.25,7,0,319457.0
1558.0,5,3.0,44,2832.0,0,5.84,8,1,268444.0
1219.0,5,3.0,31,3745.0,2,2.44,3,1,207356.0
1807.0,3,2.0,14,4416.0,0,18.58,5,0,254910.0
1605.0,3,3.0,24,4363.0,3,11.86,5,0,259336.0
1140.0,1,1.0,32,6274.0,3,16.9,10,0,231586.0
3132.0,4,3.0,41,8037.0,0,4.27,3,1,424841.0
2960.0,5,5.0,73,9638.0,1,1.03,4,0,385930.0
2538.0,3,2.0,43,7270.0,0,3.08,1,0,297133.0
1201.0,3,3.0,30,5386.0,1,11.49,2,1,150788.0
2356.0,3,2.0,52,1294.0,0,5.52,10,1,389061.0
2216.0,1,1.0,61,6676.0,3,4.43,9,1,328906.0
2088.0,4,3.0,34,6564.0,0,5.93,3,0,299072.0
2612.0,4,3.0,39,6957.0,2,23.15,8,0,373010.0
2213.0,5,5.0,17,11766.0,2,5.21,6,0,386481.0
2281.0,5,3.0,69,9601.0,0,13.75,10,0,334205.0
2214.0,3,3.0,69,8463.0,3,1.03,4,1,298139.0
2022.0,5,4.0,13,4095.0,0,4.52,10,0,352620.0
641.0,3,3.0,27,5218.0,3,0.5,4,0,176816.0
1854.0,4,4.0,21,6263.0,2,1.02,8,0,342227.0
1438.0,4,2.0,73,4561.0,2,2.05,4,0,205131.0
968.0,5,5.0,5,7751.0,3,6.22,7,1,290200.0
2893.0,4,3.0,16,7392.0,1,23.28,4,1,386922.0
2924.0,1,1.0,25,3779.0,1,11.55,9,0,419734.0
2683.0,1,1.0,44,9492.0,0,0.5,7,0,373596.0
1966.0,3,2.0,19,6756.0,3,1.55,3,0,274283.0
2678.0,3,3.0,42,2177.0,1,19.21,10,0,376846.0
1808.0,4,3.0,59,6372.0,3,43.4,8,1,247206.0
1932.0,3,2.0,66,7203.0,1,10.48,5,0,231541.0
1089.0,3,2.0,7,8932.0,3,14.37,2,0,168918.0
2058.0,5,5.0,11,5656.0,3,8.3,10,1,406323.0
1839.0,2,1.0,7,8570.0,1,10.08,8,0,346349.0
953.0,3,3.0,72,6968.0,1,14.1,7,0,105029.0
1767.0,3,3.0,52,3212.0,3,3.74,9,0,302823.0
1748.0,3,2.0,42,2962.0,0,2.47,7,0,257001.0
2968.0,5,3.0,63,9306.0,0,3.28,3,0,361235.0
2381.0,5,5.0,46,9490.0,1,15.97,3,1,324565.0
1807.0,3,2.0,18,7307.0,2,2.03,1,1,279875.0
1962.0,3,3.0,40,10239.0,0,23.22,1,0,226932.0
1829.0,3,3.0,56,9142.0,1,3.5,8,0,293330.0
1668.0,1,1.0,2,8209.0,3,0.5,9,0,345045.0
1096.0,3,2.0,48,4222.0,0,19.85,2,0,124150.0
1702.0,2,2.0,39,10829.0,0,12.13,6,0,258758.0
1315.0,1,1.0,5,7841.0,1,18.92,2,0,158101.0
987.0,1,1.0,21,5535.0,0,5.43,5,0,166593.0
2132.0,3,3.0,35,4829.0,0,3.47,8,1,355543.0
2054.0,1,1.0,27,7142.0,0,13.59,9,1,306122.0
639.0,4,4.0,23,2322.0,0,6.69,10,0,157301.0
1720.0,3,2.0,51,8249.0,3,3.81,4,1,223192.0
2447.0,2,1.0,32,4116.0,0,5.12,10,0,371564.0
2488.0,4,2.0,39,7427.0,2,4.29,8,1,402627.0
2467.0,3,2.0,63,5196.0,2,0.5,4,0,294371.0
1825.0,4,2.0,7,5839.0,2,3.23,4,0,312612.0
1251.0,4,4.0,28,4608.0,2,9.39,2,0,187699.0
1096.0,1,1.0,5,6097.0,1,0.5,10,0,274224.0
2024.0,2,2.0,74,11223.0,3,5.01,3,0,255347.0
2047.0,3,2.0,14,9963.0,0,5.75,3,0,273765.0
2637.0,5,3.0,65,7386.0,0,0.5,5,0,360548.0
2515.0,1,1.0,15,6437.0,3,9.01,2,0,337380.0
1714.0,1,1.0,25,8611.0,0,24.95,9,0,240315.0
991.0,5,5.0,48,9325.0,0,21.2,7,0,146941.0
1593.0,5,5.0,66,4425.0,0,1.52,2,0,204679.0
1941.0,1,1.0,14,6306.0,0,0.8,2,0,239449.0
1669.0,3,2.0,17,1945.0,0,11.01,1,0,219789.0
1424.0,4,4.0,70,9308.0,2,27.67,10,0,213592.0
1964.0,1,1.0,25,11663.0,2,0.5,5,1,347380.0
1472.0,2,2.0,16,6700.0,0,3.12,7,0,217969.0
1392.0,2,2.0,59,1187.0,3,1.61,2,0,166005.0
2002.0,4,3.0,7,8022.0,0,3.32,3,0,330732.0
1539.0,2,1.0,69,4240.0,2,10.75,6,0,173251.0
1959.0,3,2.0,70,4842.0,3,0.5,3,0,240825.0
1978.0,2,1.0,68,8066.0,2,6.37,7,0,260474.0
1059.0,4,4.0,23,7136.0,1,0.83,10,1,263732.0
1487.0,1,1.0,9,5280.0,0,0.5,4,0,231029.0
2735.0,2,2.0,34,4876.0,0,1.13,7,0,364461.0
1045.0,2,1.0,26,6815.0,3,0.5,10,0,238082.0
450.0,5,4.0,76,5476.0,1,9.38,9,0,123605.0
590.0,5,3.0,50,3727.0,0,2.56,1,1,85541.0
1819.0,3,2.0,75,5669.0,2,3.67,2,0,185476.0
1820.0,1,1.0,60,7349.0,2,2.96,10,0,305121.0
1724.0,4,3.0,57,6055.0,0,2.49,10,1,318711.0
2589.0,3,3.0,8,2966.0,0,17.3,4,0,324381.0
450.0,5,3.0,5,8973.0,0,5.54,6,0,132026.0
2057.0,2,2.0,3,1000.0,0,5.52,6,1,309343.0
2815.0,5,4.0,47,5384.0,2,6.43,7,0,421456.0
1067.0,5,3.0,16,4950.0,0,1.12,8,0,241737.0
1553.0,2,2.0,79,6870.0,2,4.35,4,1,214239.0
1311.0,4,3.0,10,7904.0,0,8.07,9,0,264656.0
1219.0,2,2.0,75,9317.0,3,8.66,1,0,105884.0
1588.0,2,2.0,53,4719.0,2,3.08,1,0,198735.0
2728.0,2,2.0,8,7966.0,1,0.9,10,0,443234.0
2994.0,4,4.0,4,6990.0,1,4.31,2,0,425813.0
1582.0,2,2.0,31,2221.0,0,17.34,10,0,221338.0
3038.0,4,3.0,27,11251.0,0,8.59,3,0,395286.0
1823.0,3,2.0,25,2903.0,2,3.09,4,1,299485.0
2940.0,4,2.0,42,7549.0,0,35.76,1,0,284403.0
1739.0,5,4.0,10,7475.0,2,7.51,10,1,381389.0
1885.0,1,1.0,10,7189.0,1,31.66,4,1,198803.0
2038.0,5,3.0,55,5264.0,0,5.15,2,1,253800.0
3866.0,1,1.0,79,8568.0,2,1.48,5,1,478118.0
2353.0,3,2.0,21,2599.0,2,2.79,2,1,359350.0
1340.0,2,1.0,74,6335.0,2,13.16,8,0,159718.0
2430.0,4,3.0,27,5090.0,0,6.63,1,0,316807.0
1565.0,4,4.0,26,4807.0,2,1.42,5,1,302104.0
1482.0,5,5.0,7,7572.0,3,17.45,4,0,245985.0
2391.0,3,2.0,33,9194.0,1,2.36,1,0,298880.0
1820.0,5,4.0,39,5642.0,3,14.96,1,1,251002.0
1981.0,2,2.0,53,8452.0,2,0.5,6,0,263399.0
1809.0,2,2.0,12,6624.0,1,10.46,4,0,253972.0
2019.0,2,2.0,15,4268.0,3,0.5,2,0,310799.0
2076.0,3,2.0,34,5855.0,3,7.82,2,0,280323.0
541.0,4,4.0,5,5751.0,0,3.69,9,0,191103.0
2233.0,5,3.0,11,4758.0,3,19.48,8,0,363336.0
1162.0,2,2.0,50,7571.0,0,4.47,7,1,212097.0
863.0,2,2.0,76,7087.0,0,19.27,9,0,132479.0
1762.0,5,3.0,45,2523.0,0,5.71,1,0,199276.0
1855.0,3,3.0,11,2371.0,1,0.55,7,1,359700.0
1349.0,2,1.0,79,7562.0,3,2.07,8,1,243515.0
2340.0,5,5.0,41,4462.0,2,4.78,3,0,341438.0
928.0,3,3.0,57,7255.0,2,22.88,6,0,114279.0
1535.0,5,3.0,15,8452.0,0,2.23,8,0,280008.0
1420.0,5,3.0,46,3323.0,2,16.03,7,1,229386.0
1770.0,5,5.0,6,2971.0,1,9.01,3,0,280350.0
1981.0,3,2.0,50,10686.0,1,13.85,7,0,250558.0
1145.0,4,4.0,16,7379.0,1,5.65,8,1,273933.0
2271.0,5,5.0,72,5452.0,0,2.1,1,0,291703.0
1841.0,2,2.0,4,4165.0,3,2.71,6,0,322672.0
570.0,1,1.0,52,5224.0,2,6.02,6,1,100359.0
527.0,2,2.0,11,3524.0,1,12.93,4,1,101546.0
1792.0,4,4.0,54,8709.0,0,7.57,1,0,221220.0
1656.0,3,2.0,39,4558.0,3,19.64,1,0,180066.0
1733.0,1,1.0,77,9234.0,1,0.5,8,0,251683.0
1782.0,3,2.0,52,5498.0,1,0.72,9,0,300128.0
1947.0,1,1.0,29,3892.0,2,5.3,5,0,290134.0
2416.0,3,3.0,6,5434.0,0,2.3,10,1,410172.0
1078.0,3,2.0,47,1000.0,2,10.67,10,0,202617.0
1038.0,4,3.0,35,6198.0,3,4.32,7,0,207265.0
1089.0,3,2.0,4,6075.0,1,14.84,6,0,197806.0
1988.0,3,2.0,46,8562.0,0,11.17,10,1,342088.0
2609.0,4,3.0,16,1784.0,0,20.29,7,0,381131.0
1520.0,4,4.0,18,9405.0,0,1.01,10,0,344517.0
450.0,5,4.0,0,8551.0,2,3.88,10,0,225532.0
692.0,2,1.0,29,9630.0,1,1.3,2,0,109348.0
1259.0,3,3.0,17,6368.0,0,9.58,7,1,238425.0
1437.0,2,1.0,5,9035.0,2,1.62,8,1,267995.0
1535.0,3,2.0,34,2822.0,0,5.7,9,0,281565.0
1825.0,1,1.0,17,8283.0,1,10.43,4,0,246734.0
1597.0,3,3.0,10,4572.0,3,6.28,9,1,336094.0
2482.0,1,1.0,37,2371.0,0,8.29,5,0,319320.0
1361.0,3,3.0,5,3690.0,0,0.5,4,1,225332.0
1239.0,5,3.0,79,6514.0,1,5.17,2,0,123066.0
2111.0,5,3.0,37,4439.0,2,3.17,4,0,334342.0
802.0,3,3.0,79,7440.0,0,3.17,10,0,163618.0
2053.0,1,1.0,70,1979.0,3,7.75,8,0,259837.0
1867.0,2,2.0,78,1182.0,0,10.83,8,0,225885.0
1704.0,1,1.0,43,9931.0,3,2.54,9,1,325180.0
2832.0,4,3.0,33,8760.0,2,10.22,3,0,394596.0
1396.0,5,5.0,57,3877.0,0,11.16,7,0,192289.0
3139.0,3,3.0,6,6493.0,0,1.04,4,0,476000.0
1653.0,1,1.0,67,9049.0,0,24.82,9,1,236675.0
970.0,1,1.0,25,7548.0,1,13.07,5,0,144782.0
1845.0,5,5.0,0,6871.0,1,19.53,9,0,320488.0
1100.0,2,1.0,19,9238.0,2,4.78,8,0,244877.0
1311.0,1,1.0,19,4673.0,1,2.33,8,0,244779.0
2058.0,1,1.0,1,6578.0,2,0.5,10,1,362276.0
2161.0,2,2.0,53,6455.0,1,13.62,8,0,293720.0
1396.0,4,4.0,7,5818.0,1,28.83,4,0,260233.0
2442.0,5,4.0,67,5525.0,1,6.93,6,1,348306.0
2552.0,2,2.0,36,6682.0,1,4.74,5,0,333930.0
2734.0,4,3.0,57,6586.0,3,8.27,1,0,309712.0
2144.0,1,1.0,27,,0,0.73,6,0,340691.0
2686.0,1,1.0,10,8504.0,1,1.91,5,1,416650.0
577.0,1,1.0,14,4059.0,3,6.36,4,1,157344.0
1593.0,5,4.0,51,5954.0,2,5.35,2,0,222300.0
1236.0,3,2.0,57,5762.0,0,21.81,6,1,185764.0
1877.0,5,3.0,21,7395.0,3,5.76,6,0,305193.0
1429.0,1,1.0,28,1202.0,0,3.07,2,0,171794.0
1692.0,1,1.0,75,8727.0,0,3.69,7,0,224156.0
3023.0,5,4.0,68,4808.0,1,7.55,2,0,383760.0
1690.0,1,1.0,33,9550.0,2,1.09,2,0,232159.0
2069.0,1,1.0,19,5305.0,0,2.91,5,1,295037.0
1649.0,3,3.0,24,6378.0,3,2.51,4,0,267510.0
1849.0,4,3.0,43,11284.0,0,20.37,10,1,282306.0
1804.0,2,1.0,45,5807.0,3,3.01,1,0,175010.0
2091.0,3,3.0,14,9597.0,0,2.39,4,0,334411.0
2557.0,4,4.0,5,6598.0,1,1.33,8,0,426537.0
2871.0,3,3.0,39,7539.0,2,4.55,3,0,375335.0
2001.0,2,2.0,63,6675.0,1,0.5,10,0,328172.0
2183.0,1,1.0,12,8620.0,2,7.71,8,0,374688.0
1052.0,3,2.0,32,4786.0,2,8.64,10,1,246056.0
1743.0,5,4.0,12,4040.0,2,0.89,10,1,404650.0
2411.0,4,3.0,19,4904.0,1,0.5,2,0,344816.0
2363.0,5,3.0,48,6749.0,3,3.11,5,0,351131.0
1938.0,1,1.0,22,5948.0,2,26.35,8,0,276219.0
2376.0,1,1.0,21,8276.0,1,15.75,1,1,266633.0
2119.0,3,3.0,79,9762.0,2,10.6,5,0,283914.0
2580.0,1,1.0,13,4060.0,3,13.33,7,0,327134.0
1988.0,3,3.0,15,4665.0,3,15.87,8,0,315920.0
1569.0,5,3.0,74,2909.0,2,3.06,5,0,600675.0
2018.0,2,1.0,44,,3,4.84,9,0,305384.0
450.0,3,2.0,3,7262.0,3,9.58,7,0,149126.0
2049.0,4,3.0,33,7700.0,1,2.33,1,0,305607.0
450.0,1,1.0,45,3149.0,2,18.97,3,0,52799.0
680.0,5,5.0,20,6497.0,0,7.51,10,0,198496.0
2094.0,2,2.0,43,7773.0,1,6.68,1,0,237649.0
2110.0,5,5.0,51,5868.0,3,3.37,2,1,285540.0
1044.0,4,4.0,20,9189.0,1,0.74,4,0,220493.0
1337.0,1,1.0,64,12280.0,3,8.78,10,1,241367.0
2691.0,4,2.0,36,4132.0,1,9.93,8,0,351328.0
1485.0,1,1.0,77,3945.0,0,17.77,2,1,125137.0
3258.0,3,2.0,7,4306.0,0,6.8,4,1,461494.0
1799.0,5,3.0,25,10515.0,2,8.33,10,0,360623.0
2065.0,5,3.0,57,9106.0,1,9.62,3,1,278933.0
2851.0,5,5.0,71,6161.0,2,6.95,6,0,383379.0
1885.0,3,2.0,17,6591.0,0,3.35,5,1,338661.0
1148.0,3,3.0,78,4459.0,1,6.38,8,0,173920.0
1729.0,2,2.0,15,8725.0,0,1.62,8,0,317098.0
1777.0,5,4.0,33,5550.0,1,1.52,9,0,316331.0
913.0,3,3.0,25,,3,22.56,2,1,150539.0
1634.0,4,3.0,33,8022.0,0,1.69,5,1,248129.0
1318.0,2,2.0,72,6030.0,2,4.86,7,0,182269.0
2401.0,4,2.0,58,5913.0,0,4.83,5,1,303166.0
1822.0,2,2.0,63,6526.0,2,6.17,7,1,261509.0
1616.0,4,3.0,20,8488.0,3,28.92,7,0,279286.0
1731.0,1,1.0,75,10616.0,1,2.29,4,0,194861.0
1945.0,1,1.0,34,7964.0,0,0.5,2,0,89553.0
2201.0,2,2.0,52,8508.0,2,3.45,10,0,378270.0
1150.0,3,2.0,55,6000.0,1,3.56,9,0,207368.0
1123.0,4,4.0,53,4731.0,3,1.12,9,1,267967.0
2518.0,2,1.0,48,8135.0,3,0.5,3,0,336772.0
1532.0,1,1.0,38,6928.0,2,2.59,4,0,216561.0
879.0,2,1.0,51,2943.0,2,6.93,4,0,126600.0
2088.0,3,2.0,72,5680.0,2,0.5,1,0,267187.0
2101.0,3,2.0,31,6293.0,2,3.96,2,0,267910.0
805.0,4,3.0,40,5224.0,1,4.66,4,0,121819.0
1949.0,2,1.0,14,10204.0,3,16.89,10,0,317508.0
2278.0,4,3.0,28,7700.0,1,18.01,3,0,313575.0
2043.0,4,2.0,61,9933.0,0,11.51,6,0,102000.0
2211.0,4,2.0,51,,2,3.77,6,1,322812.0
887.0,3,2.0,16,6703.0,2,2.19,4,0,135581.0
2015.0,5,3.0,43,4159.0,3,3.08,10,0,340879.0
1603.0,2,2.0,64,6530.0,1,4.49,1,0,179482.0
1486.0,4,4.0,9,6533.0,1,9.72,9,0,296433.0
2366.0,1,1.0,4,3082.0,2,6.98,8,1,386634.0
2762.0,1,1.0,31,5151.0,1,0.5,4,0,351608.0
2966.0,5,3.0,52,5692.0,3,6.38,8,1,467645.0
2655.0,3,2.0,25,7534.0,1,12.79,5,1,382472.0
1729.0,4,4.0,65,7653.0,3,19.52,10,0,288519.0
2029.0,4,4.0,67,5047.0,1,0.55,1,0,244477.0
2298.0,4,4.0,42,7672.0,0,42.48,1,0,231404.0
1879.0,2,1.0,30,6045.0,3,6.17,6,1,306937.0
1885.0,1,1.0,3,1000.0,2,0.57,10,0,322640.0
2335.0,1,1.0,65,5288.0,2,10.35,1,0,243522.0
1761.0,5,3.0,71,9197.0,2,15.92,8,0,273404.0
1326.0,2,1.0,35,2295.0,1,2.87,10,0,261358.0
1531.0,3,3.0,41,6782.0,3,2.08,5,0,255145.0
2212.0,3,2.0,60,10463.0,1,3.39,9,0,320710.0
1802.0,1,1.0,55,4598.0,3,7.63,8,0,246002.0
2021.0,3,3.0,10,6505.0,1,2.79,3,1,310307.0
2236.0,1,1.0,53,,0,0.9,9,0,327382.0
1556.0,1,1.0,73,10568.0,0,3.79,7,0,206373.0
2292.0,1,1.0,60,6292.0,3,2.56,1,0,237481.0
2046.0,5,3.0,38,6617.0,2,6.44,6,1,310831.0
997.0,3,2.0,41,9886.0,1,13.41,7,0,136183.0
2737.0,5,4.0,20,8154.0,3,4.18,9,1,421667.0
1475.0,3,2.0,52,4311.0,2,18.45,8,0,211658.0
724.0,2,1.0,19,4882.0,2,8.5,5,1,193020.0
1121.0,4,2.0,27,7737.0,2,5.2,3,0,214630.0
1136.0,5,3.0,21,4940.0,0,9.68,2,1,163370.0
1834.0,3,2.0,26,1207.0,0,13.61,1,0,207038.0
1622.0,1,1.0,29,6367.0,2,8.19,7,1,240411.0
1581.0,2,2.0,6,2799.0,0,0.8,10,1,295288.0
2203.0,5,3.0,57,10541.0,2,0.5,1,0,264962.0
2021.0,3,3.0,35,6942.0,0,12.82,8,0,301961.0
2005.0,5,5.0,75,4237.0,1,0.89,6,0,284905.0
2066.0,3,2.0,14,4753.0,2,6.22,2,0,288663.0
2200.0,1,1.0,53,1777.0,2,0.79,3,0,273648.0
450.0,5,4.0,14,3751.0,3,19.56,3,0,96814.0
1563.0,4,4.0,43,9041.0,2,3.12,7,0,277817.0
450.0,4,2.0,39,12079.0,0,7.98,3,0,65758.0
1823.0,5,3.0,35,8316.0,3,2.29,9,1,329154.0
1797.0,1,1.0,52,6270.0,0,5.96,4,0,187607.0
2480.0,5,4.0,66,5420.0,0,0.5,2,0,317061.0
2572.0,2,2.0,25,4109.0,3,2.39,1,0,323986.0
1932.0,5,5.0,67,11649.0,0,10.85,5,0,236055.0
1475.0,1,1.0,14,6028.0,2,3.83,5,0,235054.0
2115.0,3,3.0,23,11789.0,1,5.03,8,0,335494.0
1457.0,4,4.0,24,9984.0,3,10.69,5,0,286514.0
1799.0,1,1.0,76,2148.0,0,2.32,2,0,159913.0
2441.0,1,1.0,9,4835.0,0,0.5,3,0,340708.0
1437.0,5,4.0,31,4827.0,1,3.79,6,0,272488.0
2324.0,1,1.0,33,6300.0,1,8.24,4,0,278751.0
2240.0,4,3.0,64,6349.0,3,6.77,7,0,325369.0
1179.0,5,5.0,38,,2,13.14,10,0,262923.0
2433.0,4,3.0,77,3807.0,0,23.56,4,0,255910.0
2254.0,3,2.0,59,7072.0,3,14.78,6,0,303877.0
1866.0,3,2.0,56,8041.0,1,1.85,9,0,274843.0
1304.0,4,2.0,60,6496.0,3,11.7,3,1,188484.0
1242.0,3,2.0,12,6775.0,3,8.39,6,0,224681.0
1451.0,3,3.0,35,3888.0,0,5.48,4,0,212601.0
2153.0,1,1.0,46,6766.0,2,2.37,7,0,326128.0
1179.0,4,2.0,16,7778.0,1,11.05,8,0,244986.0
2084.0,4,3.0,9,7319.0,1,3.68,2,0,312322.0
993.0,4,2.0,10,7926.0,1,0.5,2,1,203759.0
1667.0,1,1.0,63,10032.0,2,9.65,1,0,183493.0
1871.0,4,3.0,52,8842.0,1,2.59,1,0,262330.0
3389.0,4,4.0,22,6678.0,0,14.85,1,0,416717.0
905.0,1,1.0,58,3571.0,1,15.73,8,0,127703.0
2757.0,5,4.0,55,5000.0,0,1.07,10,0,441802.0
1897.0,3,2.0,65,5951.0,3,12.97,5,0,231860.0
2067.0,3,2.0,72,7131.0,2,3.45,9,1,298674.0
1877.0,4,2.0,70,5304.0,1,2.62,8,0,282878.0
2089.0,3,3.0,14,4161.0,1,4.83,9,0,353839.0
1700.0,3,3.0,61,3530.0,0,2.18,8,1,248721.0
2745.0,2,2.0,31,2372.0,1,2.56,2,1,364267.0
1503.0,5,5.0,32,5913.0,3,6.58,6,1,314214.0
2536.0,5,4.0,51,2826.0,0,4.44,6,0,323603.0
1381.0,1,1.0,48,3999.0,0,15.92,7,0,194425.0
1761.0,4,3.0,33,5515.0,3,8.07,8,1,271910.0
1103.0,1,1.0,79,3160.0,2,12.25,2,0,72820.0
2096.0,2,1.0,13,7449.0,0,3.42,7,1,375667.0
2739.0,5,3.0,7,8351.0,1,10.82,9,0,1236024.0
1750.0,1,1.0,2,5126.0,2,11.12,2,1,252232.0
1672.0,2,1.0,65,5407.0,1,15.37,5,0,201670.0
1075.0,2,2.0,32,7844.0,1,2.91,9,0,190854.0
1651.0,4,4.0,34,4715.0,2,0.56,1,0,234097.0
765.0,3,3.0,51,4543.0,2,5.76,2,0,103010.0
1207.0,3,2.0,34,9491.0,3,0.5,9,0,291236.0
1947.0,5,5.0,45,8710.0,0,20.21,2,1,232814.0
2657.0,3,2.0,4,8004.0,1,0.56,8,0,427109.0
3626.0,4,2.0,12,8814.0,0,5.43,10,0,535491.0
1419.0,1,1.0,74,1557.0,2,13.03,5,0,127998.0
2733.0,2,1.0,36,9885.0,2,3.33,5,0,397251.0
1958.0,5,3.0,13,7480.0,1,11.44,5,0,307839.0
1702.0,5,5.0,29,9027.0,2,8.91,4,0,267269.0
2081.0,4,4.0,26,7468.0,1,1.18,4,1,325713.0
1840.0,2,2.0,21,6622.0,0,9.19,6,0,263833.0
1872.0,1,1.0,23,5812.0,2,4.36,9,0,303746.0
1535.0,5,5.0,58,7418.0,1,3.18,10,1,282774.0
891.0,4,4.0,8,5721.0,1,8.63,9,0,223988.0
797.0,2,1.0,24,8670.0,1,16.71,2,1,107161.0
2225.0,3,3.0,37,2534.0,3,15.57,4,0,96846.0
1620.0,4,3.0,43,5146.0,0,11.4,8,0,256908.0
1413.0,3,2.0,70,11612.0,1,7.97,6,0,203330.0
1806.0,5,3.0,73,4935.0,2,8.56,4,0,217544.0
2317.0,1,1.0,23,5903.0,0,9.24,4,0,294200.0
1917.0,2,1.0,43,4294.0,0,5.51,2,0,257431.0
1374.0,1,1.0,1,7340.0,2,8.5,4,0,259308.0
2597.0,4,2.0,49,4659.0,2,1.04,5,0,337245.0
2826.0,4,4.0,12,6036.0,2,13.68,5,1,409311.0
2121.0,5,3.0,5,8622.0,0,2.22,6,0,338732.0
2433.0,3,2.0,53,4753.0,3,3.98,3,1,343371.0
2607.0,1,1.0,14,,1,24.32,3,1,316957.0
2535.0,3,3.0,38,8556.0,0,7.27,9,1,406274.0
2199.0,1,1.0,8,9137.0,1,1.51,5,1,383810.0
2189.0,4,4.0,59,6851.0,0,0.5,3,1,301143.0
2138.0,4,3.0,61,14603.0,1,0.99,7,0,344814.0
1087.0,5,3.0,45,9136.0,1,1.4,6,0,214823.0
2255.0,2,2.0,66,7312.0,1,5.38,6,1,298138.0
919.0,2,1.0,34,4310.0,1,5.79,3,0,142910.0
1284.0,1,1.0,14,6257.0,3,3.8,8,1,248468.0
2647.0,3,3.0,12,10066.0,3,4.31,2,1,419579.0
2346.0,3,2.0,17,,1,22.04,9,0,342292.0
2767.0,4,4.0,16,10196.0,3,8.62,5,0,414380.0
1623.0,4,3.0,25,8463.0,3,5.27,5,0,256202.0
1051.0,1,1.0,17,3361.0,3,2.55,4,0,158796.0
1644.0,2,2.0,47,7718.0,0,1.39,5,0,224924.0
1866.0,3,2.0,11,3396.0,1,1.36,7,1,284298.0
1851.0,2,2.0,49,2781.0,1,8.22,5,0,233555.0
2537.0,1,1.0,26,7098.0,0,0.67,2,0,309100.0
1565.0,5,3.0,54,7808.0,0,7.47,6,1,263653.0
2029.0,4,3.0,41,8758.0,2,15.22,3,0,273970.0
1157.0,3,2.0,72,7743.0,1,3.29,2,1,130376.0
2093.0,2,1.0,35,7829.0,3,50.66,9,0,248996.0
1802.0,5,5.0,23,4038.0,2,3.24,4,1,305310.0
1313.0,1,1.0,47,6238.0,0,3.94,6,0,212087.0
1647.0,3,2.0,52,2732.0,3,36.6,2,0,129974.0
1680.0,5,4.0,35,1492.0,1,3.74,4,0,238270.0
1624.0,5,3.0,44,8352.0,2,4.37,4,0,228136.0
2951.0,2,1.0,37,4617.0,3,11.72,2,0,324737.0
1736.0,4,4.0,24,8681.0,2,13.81,10,1,345542.0
1641.0,1,1.0,25,9271.0,0,10.12,4,1,239350.0
450.0,1,1.0,72,4952.0,0,6.34,6,0,75883.0
1219.0,2,2.0,54,7976.0,1,1.71,6,0,209522.0
1629.0,5,4.0,7,4847.0,0,0.98,5,1,346537.0
1354.0,4,4.0,76,1885.0,0,0.5,6,1,204325.0
2698.0,3,3.0,56,6808.0,3,7.25,6,0,367038.0
1693.0,2,2.0,4,5323.0,0,12.11,1,0,192317.0
2637.0,1,1.0,58,5400.0,0,6.91,7,1,361462.0
1840.0,2,2.0,47,11438.0,2,0.76,2,0,247869.0
1824.0,1,1.0,73,2685.0,0,1.86,5,0,219216.0
1742.0,1,1.0,39,7457.0,1,3.46,4,1,227169.0
1802.0,4,2.0,41,4013.0,3,0.93,5,0,280432.0
2917.0,1,1.0,25,8771.0,2,4.17,1,1,380589.0
450.0,1,1.0,25,7246.0,3,9.39,8,0,134469.0
499.0,3,2.0,49,7448.0,1,16.61,5,1,79781.0
1447.0,2,1.0,66,4138.0,2,18.9,1,1,153815.0
1809.0,3,2.0,71,4586.0,0,18.05,1,1,209708.0
2249.0,1,1.0,61,8818.0,1,0.81,6,1,293753.0
2108.0,2,2.0,48,10927.0,0,22.8,7,1,302154.0
1550.0,3,2.0,40,7701.0,3,8.73,6,0,192778.0
2462.0,4,2.0,27,4256.0,0,27.39,8,1,358985.0
2470.0,3,2.0,61,7347.0,0,0.78,8,1,332037.0
1920.0,3,2.0,25,12569.0,1,1.29,9,0,335597.0
2426.0,3,3.0,21,6756.0,1,34.33,10,0,329149.0
1977.0,2,2.0,69,10155.0,1,8.42,9,0,284042.0
1435.0,2,2.0,47,4649.0,1,11.23,8,0,233537.0
2254.0,3,2.0,28,6395.0,1,13.57,5,1,288893.0
1872.0,1,1.0,69,8049.0,3,1.01,6,0,248646.0
1801.0,4,4.0,77,7493.0,2,2.27,7,0,261971.0
2757.0,4,3.0,25,4584.0,3,0.5,2,0,409111.0
450.0,2,2.0,41,4476.0,3,34.02,7,0,74880.0
879.0,2,1.0,38,8971.0,2,4.38,6,1,156020.0
1028.0,2,2.0,56,9479.0,3,0.5,6,0,173674.0
1564.0,4,3.0,76,10280.0,0,0.5,9,0,284337.0
1635.0,4,3.0,43,11010.0,3,2.22,7,0,303310.0
820.0,1,1.0,63,6837.0,1,1.96,10,1,159730.0
1160.0,3,3.0,47,5722.0,2,18.07,10,1,221164.0
1240.0,1,1.0,70,9877.0,0,0.62,9,0,193767.0
3397.0,3,2.0,32,8283.0,0,8.05,3,0,417896.0
2971.0,2,1.0,30,4044.0,3,3.59,2,0,343035.0
1532.0,2,2.0,33,3916.0,1,0.57,3,0,199663.0
1564.0,3,2.0,79,7730.0,0,2.07,8,1,265182.0
1053.0,2,2.0,48,6057.0,2,16.99,9,0,173136.0
560.0,2,2.0,12,6434.0,0,1.7,9,0,172046.0
1724.0,4,3.0,3,9181.0,1,4.99,7,0,322322.0
1151.0,5,4.0,41,8398.0,2,17.52,7,0,247332.0
1745.0,1,1.0,64,9825.0,2,4.54,10,0,276414.0
760.0,2,1.0,38,1671.0,1,37.94,7,0,96766.0
1305.0,5,5.0,44,7133.0,1,8.81,2,0,176809.0
1897.0,3,2.0,63,8237.0,3,4.77,6,0,267191.0
2038.0,2,1.0,41,2684.0,0,13.18,4,0,237377.0
2071.0,3,2.0,72,4863.0,0,5.05,7,1,271612.0
942.0,1,1.0,51,4399.0,0,5.02,7,0,138101.0
2356.0,1,1.0,58,6554.0,3,6.55,3,0,296120.0
1280.0,4,4.0,62,10570.0,1,3.31,3,0,169749.0
2211.0,3,3.0,50,11556.0,0,5.74,1,1,283085.0
1793.0,4,3.0,4,4464.0,0,11.47,3,1,288779.0
905.0,2,2.0,34,7816.0,0,10.8,9,1,180466.0
1594.0,5,4.0,11,7897.0,3,0.5,7,0,342699.0
2037.0,3,3.0,40,7469.0,1,4.48,10,1,360465.0
2198.0,4,3.0,11,7497.0,0,1.95,10,0,391319.0
1708.0,1,1.0,40,7259.0,0,2.09,9,1,252415.0
2796.0,1,1.0,27,10719.0,2,4.61,2,1,367016.0
2455.0,4,3.0,1,9256.0,2,9.9,4,0,381736.0
1633.0,5,3.0,9,3850.0,3,2.21,1,0,284387.0
2288.0,5,3.0,40,8489.0,0,2.03,1,0,305422.0
3057.0,2,1.0,6,8731.0,0,13.08,3,0,413980.0
3074.0,1,1.0,68,7287.0,0,2.03,3,1,342753.0
1002.0,5,4.0,60,9329.0,1,3.13,1,0,133286.0
1198.0,4,4.0,56,6970.0,2,2.58,9,1,274910.0
2765.0,2,1.0,13,7001.0,2,1.44,6,1,408780.0
1112.0,4,3.0,63,6803.0,0,12.12,7,0,184928.0
940.0,5,4.0,50,1454.0,2,34.91,7,0,141275.0
1484.0,2,2.0,31,6299.0,2,0.91,10,0,291195.0
2073.0,4,2.0,0,4829.0,0,3.14,2,1,306796.0
1733.0,4,2.0,42,3534.0,2,2.96,4,0,227592.0
1377.0,3,2.0,63,10085.0,1,1.54,4,0,222210.0
1362.0,4,4.0,2,7761.0,0,5.81,6,0,276003.0
1337.0,2,2.0,4,6425.0,1,18.08,6,1,240643.0
1228.0,5,4.0,30,5088.0,3,0.5,8,0,258195.0
3283.0,5,5.0,40,7240.0,2,15.94,6,0,457301.0
1993.0,5,4.0,37,8979.0,1,3.16,3,1,311194.0
2376.0,4,2.0,34,4433.0,3,17.94,6,0,335737.0
1482.0,1,1.0,20,6488.0,1,3.7,10,0,289565.0
1679.0,2,1.0,4,8670.0,1,2.29,6,0,272836.0
1336.0,3,2.0,2,1660.0,0,0.5,6,0,215558.0
450.0,5,4.0,7,6356.0,3,0.5,2,0,141015.0
904.0,3,2.0,55,5427.0,3,10.36,1,0,65962.0
623.0,3,3.0,62,6165.0,0,18.74,3,0,48313.0
450.0,1,1.0,34,5246.0,2,4.89,1,0,44349.0
1023.0,4,4.0,6,6844.0,3,7.09,5,0,231278.0
2661.0,2,2.0,33,11309.0,2,0.5,9,0,460410.0
1771.0,1,1.0,78,5690.0,0,12.88,5,0,147955.0
2639.0,5,4.0,19,7229.0,3,5.33,7,1,484460.0
2067.0,1,1.0,39,11487.0,1,21.57,9,1,306675.0
2309.0,1,1.0,43,5125.0,1,7.76,8,0,328533.0
1214.0,1,1.0,26,11037.0,1,4.9,7,1,206592.0
2141.0,3,2.0,35,,3,0.5,8,1,383831.0
2274.0,1,1.0,37,10955.0,2,15.57,3,0,278973.0
1425.0,5,4.0,37,8376.0,2,8.34,5,1,254294.0
2164.0,3,2.0,57,7268.0,3,8.02,4,1,261727.0
2168.0,2,2.0,46,6336.0,3,17.63,8,0,309618.0
1443.0,1,1.0,4,4940.0,3,1.54,5,0,264180.0
1070.0,3,2.0,0,6689.0,3,13.89,10,0,249478.0
1030.0,1,1.0,32,8743.0,3,0.74,2,0,174845.0
1856.0,5,3.0,72,6467.0,3,0.5,2,1,273208.0
2013.0,2,2.0,2,5708.0,2,18.76,8,0,311662.0
1285.0,3,2.0,5,5873.0,0,21.49,8,0,252423.0
1817.0,1,1.0,54,8981.0,0,1.18,7,0,259591.0
2171.0,1,1.0,36,9563.0,3,2.37,4,1,318770.0
2202.0,2,2.0,18,4832.0,1,3.43,1,0,284078.0
2809.0,1,1.0,16,4829.0,3,15.71,4,1,379446.0
2630.0,4,3.0,53,7448.0,3,14.37,5,0,302121.0
1149.0,5,5.0,41,10319.0,2,2.99,5,0,220501.0
2894.0,5,5.0,51,9365.0,3,11.85,10,0,431962.0
1455.0,2,2.0,22,3370.0,1,0.5,9,0,300226.0
2479.0,4,2.0,42,5840.0,1,2.15,8,0,402190.0
1844.0,3,3.0,68,4173.0,3,5.8,1,0,222978.0
1532.0,1,1.0,25,5831.0,3,5.14,2,0,201239.0
625.0,1,1.0,31,10511.0,0,4.37,5,0,99658.0
1688.0,3,2.0,13,2943.0,3,1.19,7,1,303095.0
786.0,3,2.0,51,2453.0,1,13.16,7,1,174383.0
2429.0,1,1.0,2,4429.0,3,1.9,3,0,333421.0
2786.0,5,5.0,19,7218.0,2,12.69,2,1,357109.0
1282.0,4,4.0,57,8052.0,2,10.88,4,0,203799.0
1996.0,3,2.0,1,7594.0,0,4.0,8,0,373573.0
1328.0,5,5.0,79,9439.0,1,5.71,10,0,275814.0
1391.0,5,5.0,32,2092.0,2,4.9,10,0,307966.0
2303.0,5,3.0,31,9471.0,3,38.07,6,1,344036.0
1775.0,2,1.0,42,5720.0,0,4.51,1,0,198685.0
2931.0,5,5.0,51,8329.0,0,18.64,10,0,393454.0
1487.0,3,3.0,36,3191.0,2,12.49,2,0,186836.0
2450.0,4,2.0,70,6512.0,1,8.82,3,0,295142.0
1863.0,5,5.0,76,7091.0,3,0.5,10,0,324327.0
2317.0,1,1.0,16,9389.0,0,4.21,6,0,336221.0
1509.0,3,3.0,56,2537.0,1,19.65,2,0,133210.0
1768.0,1,1.0,24,6577.0,0,11.05,6,0,230794.0
1725.0,2,2.0,79,3787.0,2,16.96,1,0,179810.0
1257.0,3,2.0,20,7764.0,3,3.85,4,1,266981.0
2230.0,5,3.0,23,8443.0,0,0.5,10,0,395414.0
2223.0,5,4.0,57,9718.0,1,15.19,3,0,286258.0
2186.0,2,1.0,63,5162.0,3,5.62,9,0,299442.0
2799.0,2,2.0,10,8818.0,0,2.43,6,0,425895.0
2742.0,3,2.0,44,9902.0,3,4.88,7,0,434444.0
1556.0,5,4.0,27,2392.0,3,3.27,8,0,269006.0
2042.0,5,3.0,48,8031.0,0,1.89,6,0,315323.0
1395.0,2,1.0,44,8896.0,0,4.65,1,0,167093.0
1815.0,1,1.0,78,5853.0,2,1.57,10,0,277758.0
1410.0,4,3.0,74,3473.0,0,23.94,5,0,173963.0
2853.0,2,2.0,52,8857.0,2,1.31,7,0,439747.0
2036.0,1,1.0,54,3501.0,0,7.17,6,0,248348.0
1658.0,1,1.0,71,6054.0,2,15.12,7,0,215140.0
2576.0,3,3.0,14,6400.0,1,11.26,4,1,375647.0
450.0,2,1.0,58,8289.0,2,4.06,9,0,109829.0
491.0,3,3.0,61,4933.0,3,10.45,3,1,87287.0
2317.0,2,1.0,10,4789.0,1,4.09,7,0,367026.0
1839.0,4,2.0,70,6747.0,2,3.24,6,0,260979.0
1963.0,4,3.0,55,9016.0,2,2.74,6,0,281801.0
938.0,3,2.0,27,12219.0,3,1.35,1,1,165097.0
1785.0,1,1.0,38,2731.0,0,6.03,4,0,210692.0
3102.0,3,3.0,39,7288.0,0,7.53,1,0,356308.0
2336.0,4,4.0,73,3784.0,1,4.84,6,0,316348.0
1910.0,2,2.0,77,9047.0,2,2.16,7,0,274512.0
1515.0,2,2.0,64,4154.0,3,1.99,6,1,250704.0
1544.0,3,3.0,52,4813.0,1,0.5,8,0,241007.0
450.0,2,1.0,8,5027.0,0,8.42,4,0,84205.0
1967.0,3,2.0,73,6310.0,2,23.22,4,0,236653.0
2350.0,2,2.0,10,7308.0,2,9.67,5,0,342723.0
776.0,2,1.0,13,7709.0,1,14.51,3,1,133918.0
1370.0,4,3.0,5,6486.0,0,2.56,9,1,301075.0
1048.0,3,2.0,75,3175.0,3,7.97,9,1,208693.0
1173.0,3,3.0,39,8319.0,3,0.5,5,0,234471.0
1835.0,4,3.0,18,6368.0,2,6.5,8,0,345005.0
450.0,2,1.0,6,9404.0,2,24.46,1,0,58305.0
2199.0,1,1.0,32,4731.0,1,3.87,2,0,251484.0
2290.0,5,4.0,57,2494.0,1,4.02,3,1,343719.0
1637.0,1,1.0,79,6415.0,0,5.06,4,0,187375.0
450.0,3,2.0,44,9740.0,0,10.91,3,0,58098.0
1152.0,2,2.0,48,6902.0,1,1.01,6,0,213278.0
2601.0,2,2.0,66,6001.0,1,7.86,8,1,352271.0
450.0,1,1.0,72,4324.0,0,14.12,5,0,53057.0
1574.0,5,5.0,22,10894.0,3,4.21,5,1,337862.0
1033.0,3,3.0,79,3926.0,1,6.1,1,1,88425.0
2323.0,2,2.0,41,4687.0,2,17.85,3,1,298737.0
1361.0,4,2.0,74,7925.0,1,7.27,9,0,230363.0
2063.0,1,1.0,9,1860.0,1,0.98,9,0,387752.0
2168.0,3,3.0,7,9686.0,3,9.87,2,0,304443.0
2994.0,3,3.0,70,8060.0,2,1.98,1,1,391994.0
1668.0,3,3.0,53,8748.0,3,6.39,9,1,303372.0
2044.0,1,1.0,14,7895.0,1,8.15,2,0,242606.0
835.0,5,3.0,71,6097.0,1,3.71,6,0,138305.0
2574.0,2,2.0,8,3842.0,1,2.22,9,0,414213.0
1306.0,4,3.0,54,6150.0,2,19.75,8,0,184970.0
1436.0,4,4.0,16,4062.0,1,8.36,6,0,258483.0
1786.0,2,1.0,5,7715.0,1,5.78,4,0,287877.0
784.0,1,1.0,64,8517.0,0,3.27,8,1,151712.0
1949.0,2,2.0,67,10192.0,2,17.82,7,0,245463.0
2429.0,5,5.0,8,7429.0,2,6.84,9,0,429719.0
1990.0,5,4.0,7,8811.0,2,26.52,6,0,313495.0
767.0,5,3.0,49,5757.0,3,4.48,10,0,204816.0
1720.0,2,1.0,2,5304.0,3,13.85,8,0,315691.0
2282.0,4,4.0,59,7684.0,3,11.53,1,0,280142.0
579.0,1,1.0,73,5534.0,0,5.65,3,0,35000.0
1101.0,4,3.0,60,7173.0,3,8.19,8,0,192261.0
2370.0,3,2.0,18,3847.0,1,20.53,2,0,286237.0
1976.0,4,3.0,15,4296.0,1,1.75,8,0,363679.0
2068.0,4,3.0,54,8089.0,1,0.5,4,0,311645.0
3009.0,5,4.0,4,8717.0,1,4.61,3,0,473168.0
2105.0,3,3.0,43,4036.0,3,1.31,6,0,321249.0
2228.0,2,2.0,35,8177.0,2,1.74,10,0,386388.0
3562.0,3,3.0,59,,3,20.93,9,0,448755.0
1661.0,1,1.0,16,6541.0,3,4.3,5,0,269430.0
1281.0,1,1.0,60,10042.0,1,1.42,1,1,133683.0
2078.0,3,3.0,55,8519.0,2,7.21,9,0,326250.0
2085.0,5,5.0,19,8490.0,2,0.5,9,0,449586.0
1458.0,3,3.0,28,11272.0,1,2.34,7,0,275033.0
1129.0,4,4.0,5,4740.0,2,4.11,7,1,250664.0
3301.0,1,1.0,35,4035.0,2,8.43,6,0,436449.0
2012.0,3,3.0,20,4695.0,3,17.67,1,1,258522.0
1324.0,4,4.0,9,5864.0,3,0.5,2,0,218204.0
2395.0,2,1.0,44,1000.0,2,4.55,2,1,332113.0
1729.0,1,1.0,45,5981.0,3,1.33,10,0,314556.0
1636.0,1,1.0,6,5139.0,0,10.13,1,0,206184.0
2165.0,5,3.0,14,8459.0,3,6.08,6,0,355701.0
960.0,4,4.0,6,7381.0,1,3.07,4,0,197599.0
2029.0,2,2.0,54,4998.0,1,1.37,1,1,274544.0
3043.0,2,1.0,27,7975.0,3,8.36,10,1,483783.0
2103.0,1,1.0,5,8308.0,1,3.83,1,0,223765.0
1555.0,5,5.0,15,4579.0,3,10.86,9,0,358236.0
1470.0,1,1.0,78,5267.0,1,6.32,8,0,196281.0
1533.0,4,3.0,20,1000.0,1,3.29,8,0,282982.0
1635.0,2,2.0,54,3773.0,1,16.05,2,0,185607.0
1554.0,2,1.0,37,4644.0,1,8.29,9,0,259388.0
2396.0,2,2.0,14,6685.0,3,10.94,6,0,372175.0
673.0,5,3.0,24,4137.0,0,5.92,5,1,150374.0
2360.0,1,1.0,1,5216.0,2,7.31,7,1,357530.0
1553.0,2,2.0,59,3437.0,3,7.08,4,1,217136.0
2045.0,2,2.0,26,6928.0,1,4.25,3,0,304485.0
1067.0,2,2.0,39,7564.0,2,2.85,3,1,163409.0
2664.0,1,1.0,12,7506.0,1,16.66,6,0,349883.0
2610.0,5,5.0,65,6531.0,0,3.11,7,0,396382.0
2424.0,2,1.0,17,2647.0,2,1.02,3,0,319641.0
815.0,3,3.0,45,4950.0,3,4.13,3,1,139941.0
2339.0,2,2.0,69,5482.0,2,8.05,10,0,329756.0
2063.0,5,5.0,57,5492.0,1,13.57,6,1,305743.0
757.0,2,2.0,48,6687.0,0,6.4,9,0,126683.0
1784.0,2,2.0,71,10064.0,3,11.1,4,1,224929.0
2037.0,2,2.0,14,8530.0,3,17.21,3,0,283750.0
2161.0,2,2.0,77,4031.0,3,13.33,3,1,250996.0
1915.0,1,1.0,44,8196.0,1,3.13,6,0,290912.0
1989.0,4,3.0,32,8101.0,2,14.62,8,0,352042.0
2758.0,1,1.0,20,4485.0,1,13.99,6,1,407181.0
2597.0,2,2.0,59,8622.0,0,2.44,3,0,330567.0
450.0,2,2.0,78,6099.0,0,2.04,10,0,104064.0
1594.0,2,1.0,55,2975.0,1,17.37,6,1,193075.0
1693.0,4,3.0,2,7638.0,2,8.51,4,0,283607.0
661.0,3,2.0,37,7042.0,0,5.33,1,1,108196.0
1861.0,5,4.0,58,5931.0,2,13.8,6,0,281530.0
2612.0,2,1.0,31,6406.0,1,0.5,7,1,405799.0
1094.0,5,3.0,61,4702.0,3,0.98,10,0,229947.0
2019.0,1,1.0,56,8025.0,1,12.67,3,0,238120.0
1205.0,3,2.0,5,6391.0,0,8.03,2,1,218471.0
1363.0,4,2.0,44,6916.0,1,0.5,10,0,280731.0
2760.0,3,2.0,13,7393.0,3,0.5,6,0,426615.0
1447.0,5,4.0,38,3614.0,1,6.79,1,0,175435.0
2100.0,2,1.0,30,4264.0,2,2.64,2,0,252621.0
584.0,1,1.0,64,1000.0,3,3.63,5,0,66283.0
3011.0,4,4.0,69,7912.0,1,14.1,7,0,400546.0
2192.0,1,1.0,36,3469.0,2,9.65,3,1,288800.0
1681.0,4,3.0,42,6831.0,0,8.15,4,0,207012.0
2174.0,4,2.0,50,7427.0,1,9.98,8,0,310203.0
884.0,5,3.0,52,8006.0,1,4.92,10,0,209709.0
